ID,Group,sex,GOL,NOL,BNL,BBH,XCB,XFB,ZYB,AUB,ASB,BPL,NPH,NLH,JUB,NLB,MAB,MDH,OBH,OBB,DKB,NDS,WNB,SIS,ZMB,SSS,FMB,NAS,EKB,DKS,IML,XML,MLS,WMH,GLS,STB,FRC,FRS,FRF,PAC,PAS,PAF,OCC,OCS,OCF,FOL,NAR,SSR,PRR,DKR,ZOR,FMR,EKR,ZMR,AVR,BRR,VRR,LAR,OSR,BAR
1,Anat,M,177,174,98,123,141,118,127,116,107,92,62,48,114,28,61,21,37,38,27,11,13.5,3.8,92,25,101,18,102,9,33,55,16,19,2,121,104,27,49,110,24,54,93,27,49,36,95,94,98,81,82,77,72,70,79,112,115,101,37,12
2,Anat,M,179,177,91,129,138,106,123,108,93,98,62,47,112,27,59,32,38,38,23,11,9.6,4.2,93,27,99,18,100,10,35,54,14,19,3,110,113,28,49,113,23,66,93,32,53,37,91,96,103,78,78,68,66,68,83,122,122,108,34,9
3,Anat,M,172,170,92,128,144,124,127,128,117,92,67,49,108,22,65,23,36,38,21,12,8.1,2.4,86,24,97,17,96,8,32,51,16,23,2,125,112,32,46,111,24,52,84,27,44,36,93,92,100,79,77,77,72,70,76,118,118,97,34,12
4,Anat,M,177,172,103,138,142,116,122,120,108,93,61,45,102,21,56,27,34,40,20,11,9.8,5.6,77,26,92,19,92,14,36,54,13,20,5,116,111,26,54,109,25,57,91,27,45,38,93,91,95,82,78,76,69,66,67,119,120,99,45,20
5,Anat,M,185,184,102,128,148,117,142,131,118,102,75,58,122,31,70,32,36,40,25,8,7.7,1,104,27,102,14,101,12,33,54,17,27,3,104,108,23,48,105,22,53,106,38,72,39,,,,,,,,,,,,,,
6,Anat,M,172,168,94,125,137,113,120,119,113,92,61,49,104,24,,21,32,37,21,8,8.1,2.3,85,25,90,12,89,11,33,52,11,21,4,117,109,28,45,101,22,55,91,26,40,35,87,93,96,77,78,76,70,69,,109,111,97,41,16
7,Anat,M,170,167,104,133,140,111,118,120,112,102,69,51,100,26,64,28,33,37,19,12,8.2,4.9,87,33,91,19,90,13,29,49,12,19,3,116,107,23,52,103,25,51,95,26,56,40,95,101,108,81,81,77,72,70,74,112,115,92,49,21
8,Anat,M,183,179,106,135,140,123,127,124,122,100,68,54,113,25,56,25,37,42,23,11,7.5,2.1,90,30,106,21,101,17,30,56,15,22,5,112,114,27,56,111,22,61,94,27,42,36,,,,,,,,,,,,,,
9,Anat,M,177,174,105,134,139,115,135,121,117,105,68,51,117,27,,31,34,40,22,10,9.7,4.3,98,25,101,17,100,12,37,60,19,28,4,118,104,23,56,117,29,57,96,27,56,33,,,,,,,,,,,,,,
10,Anat,M,173,170,94,127,135,105,124,117,113,86,63,49,103,22,,29,38,38,17,12,7,4.7,85,30,94,18,88,15,24,53,,17,5,106,109,22,52,102,22,54,94,28,69,41,87,89,92,77,75,71,63,54,,110,114,99,46,17
11,Anat,M,168,166,90,128,135,113,127,120,103,87,59,48,109,21,57,26,37,39,19,,5.6,,89,26,94,17,93,11,30,48,12,18,2,115,106,241,292,104,25,57,100,26,45,34,,,,,,,,,,,,,,
12,Anat,M,161,163,90,124,120,100,113,104,92,87,59,44,102,25,55,27,33,37,22,11,8.8,4.2,88,27,89,17,93,14,30,46,18,19,1,100,104,22,51,104,21,55,90,22,41,35,86,90,93,76,76,72,66,65,73,109,111,96,37,16
13,Anat,M,183,179,99,129,130,112,126,115,103,92,62,46,115,33,65,22,35,41,21,11,9.5,5.1,97,24,101,18,102,11,29,48,15,22,2,112,107,28,48,118,26,62,89,28,47,37,,,,,,,,,,,,,,
14,Anat,M,177,175,93,132,124,99,113,106,98,94,57,42,101,23,58,23,30,35,21,10,7.7,2.4,88,27,90,16,89,11,27,47,14,19,1,103,106,28,38,121,24,60,96,25,44,34,,,,,,,,,,,,,,
15,Anat,M,162,161,93,128,131,101,117,110,96,93,63,43,104,24,58,22,32,38,20,11,5.4,1.6,94,27,93,16,94,10,27,47,16,21,1,108,104,27,38,103,21,50,92,22,53,37,88,89,97,77,76,73,68,64,75,115,115,99,40,13
16,Anat,M,161,158,90,121,125,102,116,108,98,,,46,108,22,,22,34,38,22,11,7.2,2.7,93,23,96,17,97,11,30,47,13,16,3,97,97,22,43,105,26,55,86,24,58,35,83,82,,71,70,68,61,60,,104,111,95,40,17
17,Anat,M,168,166,95,131,138,109,130,124,108,87,60,46,111,24,60,33,35,40,20,11,6.9,3.6,92,24,97,16,95,13,35,57,19,21,3,116,111,29,46,105,27,52,90,22,56,36,89,89,93,78,75,74,67,68,76,113,117,94,42,18
18,Anat,M,185,181,101,133,130,106,121,115,107,92,61,50,103,22,56,35,34,35,21,11,6.4,4,87,25,95,16,90,11,34,54,16,21,3,103,108,27,47,116,25,57,94,30,42,37,94,93,96,82,81,79,73,69,74,116,120,105,42,17
19,Anat,M,189,185,96,128,145,113,129,123,112,90,67,49,109,20,63,22,36,39,23,9,7.3,2.9,90,22,95,18,93,15,33,57,13,25,3,117,119,33,48,121,26,65,91,28,51,33,91,90,97,81,79,75,70,71,,111,115,105,37,17
20,Anat,M,175,170,94,132,128,103,119,115,115,92,65,49,107,26,66,24,33,39,20,9,11.9,4,92,27,92,17,93,8,28,48,11,22,2,105,101,25,49,106,26,50,104,37,56,37,89,92,98,78,81,78,75,70,76,118,124,101,40,14
21,Anat,M,179,176,98,127,129,108,126,119,108,94,61,47,109,27,61,29,35,38,20,13,9.2,4.7,98,28,94,20,94,10,31,51,18,23,3,107,110,28,49,109,22,60,97,29,55,35,96,95,99,81,80,78,72,69,,115,115,100,38,12
22,Anat,M,160,161,88,132,133,107,124,126,100,89,69,52,108,24,64,28,36,36,20,9,5.9,1.9,95,24,91,11,91,5,30,52,12,24,2,110,109,26,48,106,24,52,94,24,55,35,,,,,,,,,,,,,,
23,Anat,M,175,172,101,127,127,112,122,113,101,93,66,51,108,21,59,24,32,36,20,13,11.5,5.2,90,25,94,18,90,10,36,53,15,18,2,108,104,28,51,108,22,59,87,28,52,35,93,92,96,79,77,78,71,70,79,112,112,97,40,15
24,Anat,M,181,176,95,140,148,120,123,119,114,94,62,48,111,28,63,30,36,42,21,12,12,5.2,92,30,95,19,99,11,28,51,13,26,2,123,118,30,49,119,30,59,96,27,38,39,91,91,100,78,82,74,72,65,76,125,128,104,42,15
25,Anat,M,184,181,98,133,128,104,117,110,98,95,63,49,106,26,63,29,31,36,25,,10.8,,89,23,94,17,95,12,36,49,,23,3,112,112,,,121,,,96,,,35,92,92,97,80,78,77,71,73,82,118,,105,41,15
26,Anat,M,179,176,102,131,135,105,135,122,101,100,65,50,117,26,63,30,33,39,20,10,8.1,5.4,101,25,97,17,94,14,37,60,14,25,4,114,108,25,47,111,21,57,91,29,48,37,96,99,105,86,82,77,72,71,83,115,115,101,40,16
27,Anat,M,163,162,104,131,117,102,125,112,97,98,67,52,112,25,64,31,31,37,24,,7.2,,97,25,94,21,93,14,33,51,13,24,3,90,104,20,60,102,24,47,83,21,45,36,96,98,105,83,82,76,72,74,87,108,109,88,40,24
28,Anat,M,174,170,100,135,134,111,124,118,100,93,58,47,112,27,61,25,33,39,21,11,8.6,4.1,91,24,96,20,93,14,32,51,12,18,3,115,114,28,51,114,27,61,88,26,55,34,98,93,98,84,79,78,71,69,78,124,124,96,35,12
29,Anat,M,169,168,93,121,121,105,115,105,96,,,44,108,25,,31,32,38,22,12,9.3,3.1,91,27,97,16,95,10,31,49,15,21,1,106,97,21,38,112,24,59,93,24,43,33,84,90,,72,75,66,61,62,,103,107,98,42,18
30,Anat,M,182,179,99,132,128,108,,110,98,91,61,50,,26,65,24,35,44,19,12,7.7,5.8,,,99,20,,,31,46,11,18,4,111,114,29,48,110,23,58,96,27,49,34,96,93,98,83,79,77,70,70,71,117,118,102,35,16
31,Anat,M,178,177,101,128,131,108,128,121,96,96,62,44,111,27,67,28,31,42,21,11,5.8,3,92,25,98,19,97,15,34,60,15,27,3,109,111,25,50,105,25,56,92,27,44,35,96,95,102,86,84,78,71,69,80,110,114,99,39,18
32,Anat,M,191,188,102,130,139,117,132,127,109,94,62,51,113,24,64,25,34,38,21,12,7.6,4.4,92,24,100,21,95,13,36,55,14,19,4,118,119,27,57,115,27,59,93,28,55,39,99,95,99,83,82,80,74,73,83,118,121,103,42,13
33,Anat,M,178,175,105,140,132,110,122,114,101,96,67,52,111,25,63,26,33,39,23,10,10.6,3.3,91,25,98,19,96,14,32,50,12,20,3,112,108,23,48,110,20,58,97,30,47,35,94,94,100,82,81,76,72,71,84,118,118,102,41,22
34,Anat,M,175,173,97,129,150,125,133,127,115,93,66,49,111,22,63,28,33,39,23,14,14.2,6.5,94,27,100,23,98,14,32,52,21,24,2,131,113,28,46,106,21,53,97,31,59,35,93,92,96,79,75,69,67,65,75,118,120,105,38,11
35,Anat,M,179,177,97,126,136,108,118,110,108,91,69,49,99,22,55,24,33,36,21,13,7.6,2.4,82,21,94,17,88,16,28,48,16,30,3,115,106,23,53,122,25,64,86,29,49,29,86,86,92,74,76,68,65,64,72,109,111,102,39,17
36,Anat,M,176,172,101,133,138,118,136,130,106,94,71,52,115,22,52,27,36,39,25,13,10.5,5.3,89,21,98,15,99,12,39,53,22,26,3,114,102,22,49,113,25,67,92,28,51,35,93,94,102,81,81,79,71,74,92,113,114,98,39,21
37,Anat,M,168,164,92,124,120,104,112,109,89,90,59,45,,23,,22,30,34,18,9,6.3,2.3,87,28,85,14,84,10,29,44,85,17,2,,101,26,48,111,26,60,85,,,33,,,,,,,,,,,,,,
1838,ARIKARA,F,173,172,94,118,135,112,132,123,101,89,62,48,114,27,58,28,32,40,23,8,10,3.6,95,19,96,17,99,10,33,50,8,24,2,111,100,22,40,96,18,43,98,35,45,33,90,89,94,80,77,75,69,70,75,107,109,99,37,12
1839,ARIKARA,F,163,163,90,123,135,109,129,124,105,88,72,52,112,25,60,23,35,38,17,8,7.3,2.4,97,22,90,11,91,7,34,50,12,22,1,101,103,22,47,106,27,57,90,27,42,33,86,88,94,77,72,75,68,68,76,111,115,97,36,12
1840,ARIKARA,F,162,162,98,133,134,115,129,119,103,100,65,49,114,26,59,25,36,39,20,7,10.1,2.3,95,23,95,15,95,12,33,50,11,20,1,112,104,22,48,105,25,50,86,21,49,40,88,90,98,80,74,71,67,67,79,118,121,97,47,15
1841,ARIKARA,F,171,168,97,131,137,108,128,123,106,99,64,48,111,27,65,22,34,37,18,11,7.5,4.9,100,25,89,13,92,6,28,48,10,23,3,104,106,22,47,106,23,54,90,27,43,37,87,92,100,76,76,76,70,67,78,112,114,97,46,18
1842,ARIKARA,F,172,171,95,128,142,117,124,120,106,87,65,52,108,25,61,26,35,39,18,8,4.3,1.8,95,23,90,16,91,10,30,47,10,25,2,116,108,26,46,103,22,45,99,27,47,36,89,87,90,80,75,75,70,67,72,114,120,105,40,13
1843,ARIKARA,F,166,166,95,121,135,107,133,127,106,93,64,50,115,24,64,27,33,39,19,10,8.3,3.8,95,21,92,16,95,9,38,53,12,22,2,100,99,22,44,102,21,48,89,24,33,34,88,90,95,77,76,73,70,70,77,107,111,97,39,15
1844,ARIKARA,F,169,168,94,129,136,113,132,123,107,96,68,51,116,26,63,23,33,39,19,10,6.7,3.4,94,28,93,16,95,10,34,50,11,20,2,110,97,19,40,104,23,55,102,34,53,35,87,94,101,77,75,75,68,69,80,112,118,105,39,17
1845,ARIKARA,F,174,168,101,130,139,115,143,133,102,98,66,52,124,27,68,22,37,40,22,7,2.7,0.6,97,23,99,13,101,8,40,53,12,25,5,109,100,20,43,109,27,52,86,25,40,35,94,97,100,84,81,80,74,75,79,114,117,94,41,15
1846,ARIKARA,F,173,173,95,125,135,115,131,128,107,90,65,51,113,27,65,24,36,37,24,10,9,2.6,94,20,95,15,95,9,35,46,11,22,1,106,107,23,43,101,20,53,101,32,47,33,90,89,93,78,76,76,71,72,75,114,117,104,37,12
1847,ARIKARA,F,170,170,97,126,137,115,130,121,103,94,69,49,115,25,60,26,34,38,21,10,10.4,4.3,91,25,94,17,93,10,36,53,11,21,2,111,109,24,50,108,24,57,82,24,45,38,92,94,100,80,77,75,71,70,79,112,114,95,39,14
1848,ARIKARA,F,172,172,95,133,140,116,128,124,111,97,68,53,114,26,64,27,34,38,20,9,10.3,2.8,96,24,95,16,95,10,32,52,12,26,2,114,115,29,53,107,20,59,96,29,49,36,89,93,99,80,81,74,69,68,75,123,123,105,40,10
1849,ARIKARA,F,171,170,104,131,134,111,130,127,98,99,69,51,114,25,63,22,33,40,19,9,8,4.2,97,25,95,19,97,12,36,57,11,23,3,104,111,25,47,101,23,53,84,21,38,36,95,97,103,85,81,76,72,73,82,113,114,93,42,18
1850,ARIKARA,F,178,177,103,127,139,113,128,124,108,94,66,51,114,24,61,28,34,39,21,9,11.8,5.2,93,24,93,19,95,13,36,50,10,23,1,107,109,28,49,99,17,51,101,32,58,37,98,96,100,87,80,80,72,72,80,113,114,103,40,15
1851,ARIKARA,F,168,165,102,137,138,117,134,130,109,94,67,50,120,29,63,25,36,38,22,9,9,4.1,101,22,97,13,98,9,35,50,10,23,3,112,108,25,48,103,21,56,89,23,41,38,91,90,96,81,78,78,72,68,76,118,118,95,45,19
1852,ARIKARA,F,181,182,101,123,142,118,126,119,100,104,76,55,113,26,63,28,36,41,20,12,10,5.3,97,30,97,22,97,15,34,52,11,22,2,114,117,26,57,107,23,52,88,28,47,35,106,106,113,94,88,86,80,78,90,117,119,100,26,10
1853,ARIKARA,F,175,174,94,125,141,119,138,134,102,93,67,52,120,30,64,26,37,40,22,9,8.8,3.4,101,24,98,18,99,12,37,54,12,22,2,111,111,26,52,110,26,57,85,27,35,36,97,96,101,87,82,82,75,73,81,119,119,98,31,10
1854,ARIKARA,F,176,175,98,128,142,115,135,128,114,96,72,51,116,24,60,29,35,40,20,11,7.7,4.3,96,26,95,16,97,10,34,55,10,22,2,114,106,26,48,104,18,49,94,32,52,36,92,92,98,82,77,77,71,66,79,118,118,107,37,11
1855,ARIKARA,F,162,161,94,124,133,105,127,121,97,93,69,49,115,25,64,24,36,40,19,8,5.2,1.4,89,23,93,16,96,12,37,46,11,19,2,100,100,20,39,105,23,55,84,24,36,34,91,93,101,83,77,78,72,74,79,110,110,92,33,15
1856,ARIKARA,F,186,186,97,125,136,112,133,118,113,93,72,51,117,26,61,25,37,42,24,9,9.5,3.5,93,25,100,18,101,15,36,52,9,21,2,107,107,22,47,98,20,48,93,24,43,36,97,97,103,87,81,80,71,72,81,114,116,98,33,14
1857,ARIKARA,F,179,178,98,123,131,112,133,127,117,103,74,54,118,26,65,27,36,40,20,11,11.9,4.6,94,25,97,18,98,9,38,55,12,26,3,107,103,19,46,114,26,53,90,30,44,35,91,94,103,77,76,74,69,70,82,113,119,104,39,10
1858,ARIKARA,F,178,177,95,125,147,115,135,127,118,93,65,48,115,24,55,19,38,41,18,11,9.6,3.3,95,20,98,15,98,8,35,49,10,20,3,105,108,24,51,100,22,55,100,31,44,37,91,91,96,80,74,78,71,70,75,115,121,110,38,10
1859,ARIKARA,F,167,167,98,120,128,108,122,118,101,97,62,47,108,25,59,26,33,37,21,9,9.1,3.5,91,25,91,17,92,11,33,46,10,20,,103,98,22,45,105,23,61,88,22,39,34,92,95,99,81,74,75,70,69,76,108,111,98,37,14
1860,ARIKARA,F,170,170,104,133,132,109,130,119,95,95,70,51,116,27,61,25,32,40,20,10,8.5,2.6,98,20,96,16,99,10,32,45,10,24,1,107,103,23,46,107,24,58,92,26,47,32,93,91,96,81,78,77,71,71,79,115,116,99,41,18
1861,ARIKARA,F,163,163,103,135,126,105,126,119,100,101,71,50,113,23,64,24,33,38,18,10,8.7,4.3,90,26,92,17,92,9,38,53,12,23,2,101,102,20,43,103,23,57,89,22,45,35,91,97,103,79,79,75,70,72,79,114,115,96,41,21
1862,ARIKARA,F,165,164,100,124,128,110,127,119,105,91,60,46,117,24,59,26,33,39,20,11,9.5,4.7,88,21,96,18,97,12,36,51,11,21,2,103,104,22,43,100,22,53,85,22,46,37,93,89,93,82,77,75,70,69,74,110,111,90,43,15
1863,ARIKARA,F,166,166,94,124,140,122,130,123,108,96,70,50,117,26,61,20,35,41,19,10,8.2,3.2,92,26,97,16,96,10,38,54,11,19,2,117,109,27,54,105,25,57,87,21,45,37,89,93,100,79,76,72,68,68,77,113,116,99,40,12
1864,ARIKARA,F,170,168,97,123,143,113,135,127,104,96,68,53,116,28,66,25,32,39,20,10,8.9,3.6,96,23,96,17,97,9,33,47,9,23,3,108,108,25,47,102,24,53,90,27,39,32,93,95,100,81,78,77,72,72,81,113,114,93,36,10
1796,ARIKARA,M,178,177,101,131,140,112,133,126,116,101,71,52,112,24,65,25,34,38,18,10,7.7,3.8,92,23,92,18,92,9,40,55,11,23,3,107,108,20,51,103,21,52,95,29,46,39,94,97,105,82,80,77,73,76,85,113,116,103,44,18
1797,ARIKARA,M,172,171,103,131,136,114,140,129,107,102,71,53,122,26,65,31,34,41,20,10,8.6,3.9,99,29,98,18,98,11,40,57,13,24,3,103,107,21,58,109,27,57,89,25,47,36,95,101,106,84,81,78,73,73,83,115,119,97,42,16
1798,ARIKARA,M,188,186,103,130,137,113,140,128,112,96,69,54,124,25,64,30,33,41,22,11,8.4,3.7,98,19,101,18,102,9,40,57,14,25,4,103,111,20,48,104,19,55,99,38,56,37,94,91,97,81,79,78,72,73,80,115,119,110,43,15
1799,ARIKARA,M,180,178,103,133,144,117,145,137,110,92,72,54,123,26,67,30,35,41,19,10,8.7,4.6,99,23,99,14,100,8,36,55,12,22,2,107,105,21,47,111,26,58,96,29,46,39,95,95,99,84,79,85,76,73,78,113,119,103,43,20
1800,ARIKARA,M,182,181,104,134,135,115,141,128,106,98,75,55,124,29,67,27,34,40,26,10,11.1,3.8,104,30,102,20,102,12,42,62,11,26,3,108,109,23,49,110,23,45,94,27,45,42,97,100,106,84,80,77,73,71,84,113,116,100,47,22
1801,ARIKARA,M,186,183,105,131,143,116,139,129,107,101,76,56,120,27,65,27,37,40,21,10,7.6,2.6,103,27,100,16,100,10,37,57,12,24,5,101,113,25,54,109,23,58,88,29,37,38,101,102,106,90,85,86,80,75,85,118,118,102,39,13
1802,ARIKARA,M,176,175,100,127,141,121,140,129,103,97,70,55,125,29,66,27,34,40,22,10,12.4,5.6,102,24,100,18,99,10,44,60,13,23,2,118,106,23,42,107,25,59,95,23,44,42,95,96,101,84,79,78,73,75,83,115,119,103,44,13
1803,ARIKARA,M,173,172,101,134,141,115,138,129,105,98,71,54,121,25,66,26,33,39,20,10,7.5,4.3,99,27,95,16,95,8,36,57,12,24,3,108,107,23,51,106,24,52,88,22,43,36,95,98,104,83,80,79,74,72,86,117,119,97,38,18
1804,ARIKARA,M,185,184,110,141,147,120,143,134,112,106,80,61,126,31,68,32,37,42,21,10,9.9,5.5,107,30,99,19,100,13,35,52,9,25,2,113,115,21,55,112,23,50,103,26,53,41,104,106,109,92,84,85,78,76,88,127,129,109,46,14
1805,ARIKARA,M,175,173,107,136,152,123,147,139,113,98,74,58,128,28,70,26,37,42,21,13,10.5,6.2,107,25,102,18,100,11,34,56,12,26,3,116,109,22,55,103,24,58,91,26,43,35,101,101,105,88,84,84,78,76,84,119,120,95,36,18
1806,ARIKARA,M,175,172,102,138,153,128,151,143,120,98,79,56,126,26,69,26,36,41,22,9,6.8,4.6,106,24,103,16,102,7,34,55,11,27,5,125,113,24,55,106,25,58,93,22,40,39,94,96,102,83,78,80,74,71,81,123,125,99,44,14
1807,ARIKARA,M,176,175,105,132,139,117,139,130,102,99,71,55,123,27,64,31,37,41,22,12,10.4,4.5,107,27,103,22,103,14,37,52,9,23,3,111,105,19,47,113,29,61,88,24,45,36,101,102,106,87,83,78,74,76,87,117,120,96,38,17
1808,ARIKARA,M,177,175,105,132,142,113,146,134,109,105,71,55,126,26,65,28,32,40,23,9,7.7,1.9,104,30,100,16,100,10,35,57,12,24,4,99,106,18,50,102,22,56,102,33,62,35,97,104,108,86,84,83,76,73,87,116,119,105,42,18
1809,ARIKARA,M,189,188,104,135,148,122,146,134,110,101,77,55,129,30,68,34,36,42,26,12,12.1,4,105,27,105,20,106,12,38,56,13,26,4,116,113,18,47,112,21,51,113,30,58,37,101,100,105,88,82,81,76,73,84,125,130,118,39,10
1810,ARIKARA,M,181,177,106,136,146,118,150,140,109,106,72,56,127,29,70,29,36,40,20,10,8.7,3.8,105,27,97,16,97,11,40,60,11,24,3,113,111,23,55,111,24,60,94,29,45,37,98,104,111,87,83,82,75,77,91,123,126,100,44,17
1811,ARIKARA,M,167,166,103,132,139,119,138,131,105,97,66,52,124,26,62,31,34,42,22,12,10.2,5.2,98,25,98,19,100,13,38,53,12,23,3,113,103,21,42,103,24,51,99,22,46,34,95,98,102,82,79,78,70,73,82,112,114,94,45,21
1812,ARIKARA,M,182,181,105,134,133,113,141,131,105,102,73,56,124,28,63,34,34,40,22,9,8.2,4.3,103,26,100,18,100,10,40,58,13,28,4,101,114,23,52,112,26,57,92,24,46,39,99,100,105,88,84,82,77,75,84,120,125,106,42,14
1813,ARIKARA,M,175,174,102,133,139,113,138,128,106,95,69,55,116,27,61,29,35,40,18,10,7.5,3.3,96,27,95,18,94,10,37,54,11,23,3,99,105,19,54,108,25,56,95,27,51,39,98,99,103,86,80,81,76,74,84,117,121,102,38,17
1814,ARIKARA,M,177,175,102,132,147,121,142,135,109,99,72,55,122,27,70,27,36,39,23,10,7.8,3,99,26,100,17,99,11,39,54,12,23,5,109,109,22,54,108,25,55,89,22,41,39,98,100,106,87,80,82,76,75,88,117,120,101,39,16
1815,ARIKARA,M,184,182,98,134,143,111,139,128,103,97,65,50,122,27,69,28,36,40,22,11,7.7,2.8,102,23,98,16,99,10,40,54,12,23,4,107,109,19,47,112,25,60,101,30,49,39,94,97,100,82,77,78,71,73,82,122,127,112,39,13
1816,ARIKARA,M,178,177,103,136,141,117,140,133,118,92,70,56,117,29,72,34,36,40,22,12,8.6,5.9,99,26,95,16,97,9,34,51,9,27,3,102,107,17,45,109,27,40,98,27,53,40,93,94,99,83,78,78,73,70,81,116,124,104,49,21
1817,ARIKARA,M,176,174,98,141,141,119,137,128,113,96,70,56,124,27,65,31,38,40,20,13,10.3,4.6,106,29,99,18,98,9,37,52,12,23,2,110,113,24,49,112,22,56,99,30,43,37,91,97,102,72,72,73,66,68,80,124,126,104,41,18
1818,ARIKARA,M,174,171,104,135,131,113,133,122,105,96,66,51,118,27,65,26,33,40,22,12,9,3.2,94,27,95,20,97,14,40,59,11,20,3,100,106,22,49,111,28,55,90,23,42,37,98,97,102,85,80,79,72,71,79,117,118,95,41,20
1819,ARIKARA,M,189,187,106,139,134,109,138,128,108,99,67,52,123,30,67,24,29,40,22,14,9.9,5.3,103,25,100,18,100,11,40,56,12,25,4,95,112,21,60,115,24,59,101,35,46,35,101,103,108,86,87,83,77,81,88,118,121,103,41,22
1820,ARIKARA,M,177,175,104,137,144,113,136,131,106,96,73,55,115,27,66,25,36,40,18,11,7.8,5.7,95,26,97,16,95,11,37,53,9,23,4,111,111,23,54,108,26,60,92,26,44,35,96,96,100,84,80,80,73,72,82,118,121,99,39,19
1821,ARIKARA,M,182,179,100,129,142,119,143,132,112,96,73,54,126,30,67,26,37,42,23,11,7.3,4.1,106,29,105,18,105,11,37,57,14,24,4,112,108,21,53,114,25,56,97,28,39,37,99,97,101,85,79,81,73,71,81,120,122,106,37,11
1822,ARIKARA,M,186,184,109,138,147,125,146,136,117,105,79,58,125,27,67,27,35,41,22,10,8.9,6.2,106,28,102,18,100,11,40,58,11,25,3,117,113,23,56,113,25,61,93,29,43,36,104,105,110,90,84,86,78,78,88,124,124,101,39,15
1823,ARIKARA,M,173,171,97,127,138,111,126,120,104,96,63,47,114,27,68,28,35,41,19,11,7.7,2.5,96,24,97,16,99,11,38,53,11,22,5,106,106,17,48,113,25,48,93,27,45,33,94,94,100,84,78,79,72,72,82,118,120,99,35,10
1824,ARIKARA,M,175,175,101,131,137,113,135,126,108,101,76,55,115,28,63,25,36,40,21,9,8,4.9,97,25,98,15,98,8,40,58,13,24,2,109,107,20,50,104,22,49,93,27,44,38,96,101,107,85,84,83,76,78,87,117,118,102,39,15
1825,ARIKARA,M,190,190,104,141,150,123,151,142,119,96,69,52,128,28,64,29,33,42,26,12,14.3,5.8,101,25,105,21,105,13,40,58,9,27,2,121,111,22,47,112,20,51,112,37,50,40,99,99,104,87,82,80,74,75,82,125,127,113,44,18
1826,ARIKARA,M,175,174,101,131,142,117,144,132,111,99,67,52,122,26,63,29,35,39,22,11,9,4.4,102,24,98,17,96,9,36,54,11,24,3,112,112,23,54,112,24,60,90,23,48,38,96,99,103,84,80,79,76,76,84,118,118,97,41,13
1827,ARIKARA,M,188,187,103,134,140,118,144,133,115,104,75,55,124,29,73,24,36,43,22,11,9.6,3.2,100,28,102,20,102,12,44,58,13,22,5,114,111,20,51,113,25,52,101,32,46,40,99,104,111,87,83,83,75,79,87,120,124,107,41,15
1828,ARIKARA,M,175,174,98,132,148,120,146,135,108,89,76,58,126,27,74,29,36,43,21,11,6.8,4.6,104,23,102,17,102,10,38,56,11,28,3,112,116,24,56,107,25,56,90,27,38,33,94,91,94,81,75,79,70,69,75,119,122,100,35,13
1829,ARIKARA,M,185,184,105,137,141,118,146,137,117,99,75,59,128,25,68,27,37,42,19,10,6.6,4.1,104,29,100,22,101,13,41,59,11,24,3,109,117,23,57,103,21,53,94,30,44,41,101,104,109,86,83,81,75,75,88,118,120,100,41,21
1830,ARIKARA,M,178,174,97,127,138,114,135,127,105,92,71,53,119,25,66,26,37,41,20,10,4.7,3.8,99,19,97,14,98,8,38,53,13,24,5,111,108,24,45,110,26,57,87,30,40,38,93,93,98,81,80,79,71,74,78,115,116,96,40,13
1831,ARIKARA,M,175,173,100,122,140,111,138,130,107,103,70,55,119,29,68,28,32,39,20,8,7.7,4.1,103,25,96,14,97,7,35,55,13,28,4,91,102,19,48,101,24,49,94,26,38,39,96,101,107,86,84,81,78,76,86,110,116,99,41,13
1832,ARIKARA,M,173,171,101,129,128,103,132,124,95,93,71,55,112,24,65,23,36,40,19,10,6.7,4.8,89,25,93,20,93,13,40,53,10,20,4,95,100,19,43,106,24,55,89,25,41,41,93,92,98,82,76,72,68,67,76,111,113,95,46,19
1833,ARIKARA,M,190,186,106,137,142,117,146,134,108,103,75,55,128,27,67,32,33,39,22,10,8.2,3.6,106,27,100,16,101,8,39,58,12,27,5,102,112,21,57,110,23,55,100,31,46,41,97,101,107,85,82,80,75,74,82,120,123,106,47,18
1834,ARIKARA,M,187,184,104,138,145,117,145,133,106,98,74,55,125,24,70,29,32,41,21,10,6.5,2.6,104,24,100,17,102,9,37,58,12,27,5,111,112,24,45,116,25,58,92,27,44,40,100,101,107,87,85,83,77,78,87,120,122,103,40,20
1835,ARIKARA,M,175,174,99,133,140,113,136,127,114,100,69,50,119,25,68,29,34,39,17,10,7.1,3.6,100,25,94,14,95,7,35,50,11,26,3,106,110,18,47,105,19,52,100,27,41,37,91,96,103,80,77,78,74,72,82,119,121,107,43,16
1836,ARIKARA,M,178,176,102,133,144,120,138,132,105,100,67,53,119,27,69,28,37,41,18,11,6.5,5,100,27,98,17,96,11,39,57,11,25,1,118,116,29,48,109,24,52,93,27,44,36,100,103,106,89,85,83,78,78,87,121,121,99,37,14
1837,ARIKARA,M,181,178,108,128,147,119,146,132,109,100,71,54,128,27,70,29,35,41,21,11,9,5,101,27,100,18,100,11,42,62,14,25,5,113,102,16,55,111,27,55,94,26,49,39,103,103,105,89,85,83,76,77,85,113,118,98,42,17
2225,N JAPAN,F,172,171,92,123,136,113,122,115,106,91,69,51,107,22,58,29,38,38,20,9,8.5,2.9,90,20,90,16,93,12,35,51,12,20,1,113,107,26,42,105,20,54,92,27,52,34,87,86,95,78,75,72,67,68,75,111,113,103,38,13
2226,N JAPAN,F,165,164,94,121,129,104,124,116,109,93,66,54,109,27,66,27,35,39,14,7,5.4,1.4,94,24,87,13,90,10,32,47,10,22,3,94,101,24,45,97,17,49,94,26,51,35,84,88,94,76,74,73,67,66,76,107,111,101,44,15
2227,N JAPAN,F,177,173,101,141,141,123,132,124,100,96,64,53,115,26,65,30,35,41,20,7,4.7,1.4,93,23,97,11,99,7,35,54,13,21,4,123,110,28,52,107,26,59,109,28,60,37,91,94,99,84,82,81,76,74,80,121,129,111,45,20
2228,N JAPAN,F,185,182,99,132,133,107,129,118,108,97,61,49,117,26,64,24,35,42,25,8,4.8,1.3,95,25,100,19,103,13,37,52,12,22,4,103,109,25,50,115,21,56,101,29,50,39,94,98,103,85,81,76,71,73,82,114,117,105,44,18
2229,N JAPAN,F,176,176,99,139,134,112,124,116,100,91,68,51,110,26,64,26,36,37,22,8,8.2,1.7,95,25,94,13,94,8,29,50,10,24,1,111,111,29,48,110,21,58,104,27,47,35,88,89,94,79,78,74,71,67,73,119,122,111,44,21
2230,N JAPAN,F,163,161,98,130,124,103,126,111,101,95,64,48,109,26,60,27,33,36,19,7,9.9,1.6,94,24,90,13,91,9,29,49,8,25,2,103,100,24,48,97,17,56,91,25,49,34,87,89,94,78,76,73,69,64,72,114,115,101,40,17
2231,N JAPAN,F,181,180,101,130,133,113,140,132,107,100,73,54,121,29,69,26,37,42,21,7,6.4,2.6,107,22,99,14,102,9,32,55,12,25,3,109,107,25,48,111,20,54,103,29,57,37,93,94,104,83,81,80,73,71,83,115,118,110,43,16
2232,N JAPAN,F,180,179,102,136,135,115,127,117,107,96,70,53,112,25,63,24,36,39,19,9,9.9,4,90,25,94,15,95,9,32,50,8,24,3,112,110,25,51,114,22,53,102,24,40,38,92,93,99,82,80,77,73,70,77,116,120,107,47,20
2233,N JAPAN,F,169,167,95,133,132,104,119,118,106,93,67,51,104,23,60,27,33,36,19,7,8.4,2.5,87,23,88,12,90,8,34,51,11,23,1,103,103,26,38,107,22,55,96,24,45,36,85,88,95,78,75,74,69,67,74,117,120,107,43,16
2234,N JAPAN,F,172,169,95,123,132,108,122,115,108,96,64,48,110,25,63,26,34,40,20,6,5.3,1.2,91,20,96,12,96,7,34,51,11,22,4,108,103,24,47,99,18,50,98,26,44,36,86,91,98,79,80,75,72,72,79,108,112,104,45,17
2235,N JAPAN,F,166,165,92,126,133,115,117,112,104,88,64,50,105,25,58,25,32,36,21,7,8.4,2.6,86,21,88,13,90,9,30,48,10,23,1,115,107,27,45,106,23,58,94,26,44,31,87,84,90,79,74,74,69,65,68,116,118,101,37,10
2236,N JAPAN,F,170,170,94,129,140,109,128,123,107,88,68,49,111,23,68,30,38,39,18,6,6,1.5,87,22,93,13,96,9,32,50,9,22,2,100,103,22,45,112,24,49,92,27,47,37,84,84,93,77,74,74,68,63,74,110,115,104,43,20
2237,N JAPAN,F,174,172,91,128,137,114,124,115,106,91,66,50,110,27,60,30,34,39,23,6,5.4,1.1,91,22,98,15,96,9,34,50,12,23,3,108,108,28,48,109,21,59,101,28,52,36,87,87,96,79,76,72,68,66,74,117,118,107,41,14
2238,N JAPAN,F,170,169,99,127,134,111,126,119,111,94,71,51,115,24,69,31,34,41,23,10,12.4,4.4,91,22,100,18,102,11,33,50,13,20,2,111,101,21,39,106,20,50,96,26,56,37,93,89,98,81,77,74,70,67,78,112,114,101,42,15
2239,N JAPAN,F,178,175,97,134,136,107,125,122,104,102,65,49,108,28,68,24,32,37,19,7,3.8,0.9,96,27,91,13,93,8,28,50,11,25,3,105,109,27,51,114,26,64,100,27,49,38,90,96,104,81,81,78,73,71,81,121,125,110,43,14
2240,N JAPAN,F,178,175,97,135,139,115,129,123,110,92,66,50,111,25,63,30,35,37,20,8,7.7,1.8,94,21,93,15,95,8,28,48,10,24,2,114,109,27,44,110,24,55,106,33,53,32,90,88,93,80,77,76,72,68,73,123,129,112,38,13
2241,N JAPAN,F,172,172,93,131,135,109,121,114,109,92,68,51,107,24,63,29,36,38,19,8,7.6,2.4,89,23,91,13,94,8,31,48,11,24,1,108,110,27,47,108,20,57,101,27,49,37,85,88,96,75,73,72,68,66,77,116,120,110,43,15
2242,N JAPAN,F,178,175,91,123,133,113,120,117,102,89,63,49,107,27,63,26,33,37,21,8,10.4,2.6,90,24,91,14,94,10,28,46,10,20,2,109,107,28,46,106,19,51,96,35,46,36,88,89,94,80,77,73,70,67,76,112,114,107,37,13
2243,N JAPAN,F,164,162,97,134,131,112,121,112,99,90,59,45,108,26,60,22,33,36,23,11,8.1,1.2,89,23,89,15,91,10,26,44,8,19,2,112,103,29,43,98,19,53,100,29,49,31,86,85,91,78,73,73,68,61,73,115,116,103,38,19
2244,N JAPAN,F,157,156,97,128,133,106,126,114,98,100,69,49,112,26,67,24,33,38,18,9,7.3,2.7,96,23,90,13,93,8,30,50,11,20,2,102,99,21,41,95,18,50,88,24,44,34,85,91,99,76,76,72,69,69,77,112,113,98,40,17
2245,N JAPAN,F,160,158,91,125,132,108,122,112,99,92,64,50,105,25,60,23,35,36,21,6,10.2,2,88,20,90,13,90,10,33,49,11,22,2,107,94,21,37,107,23,59,89,20,35,33,82,87,94,76,76,69,66,67,78,108,111,97,39,18
2246,N JAPAN,F,174,172,104,137,135,112,132,123,108,90,73,54,111,26,62,23,36,37,21,8,7.6,2.3,93,25,92,16,93,9,29,49,9,21,2,112,101,24,41,109,21,49,95,29,45,36,92,90,92,81,78,77,72,69,71,117,120,105,43,19
2247,N JAPAN,F,170,170,94,123,135,115,121,113,104,85,70,55,113,25,60,28,35,39,20,6,4.7,1.3,95,22,92,14,95,8,27,47,11,22,2,114,101,26,46,109,25,52,96,26,44,34,89,86,91,80,77,76,71,65,76,109,116,102,38,15
2248,N JAPAN,F,177,177,93,129,146,123,124,117,101,90,69,52,109,27,59,24,35,39,19,8,9.9,2.8,91,19,92,11,94,5,31,46,10,21,2,122,112,28,45,108,19,58,104,29,45,34,86,85,93,77,76,76,73,71,76,116,119,112,39,14
2249,N JAPAN,F,175,174,90,124,130,104,120,112,103,88,67,53,102,28,60,33,34,39,16,7,5.8,0.5,82,20,89,11,90,8,32,48,9,20,2,98,111,27,48,112,26,56,90,28,44,37,83,86,93,76,73,72,67,67,76,111,119,106,40,15
2250,N JAPAN,F,164,162,89,122,132,113,121,109,96,91,61,44,106,26,59,23,30,35,22,7,6,0.9,91,21,90,12,90,9,33,50,9,18,2,112,101,26,43,107,22,56,82,26,36,35,85,88,95,76,76,73,67,67,74,110,111,94,36,11
2251,N JAPAN,F,166,164,93,126,130,109,125,110,101,95,61,47,111,28,63,27,33,38,24,5,10.6,1.8,91,19,96,13,100,10,36,51,13,18,2,108,104,26,49,108,20,55,87,25,37,33,89,88,96,81,78,77,71,72,79,116,116,96,37,10
2252,N JAPAN,F,171,170,95,134,130,105,118,114,104,90,66,47,107,27,58,24,32,39,21,7,6.9,3.2,90,23,91,16,93,10,28,47,8,28,1,105,107,27,45,115,26,59,94,26,47,36,87,86,93,79,76,72,67,64,72,120,124,106,39,15
2253,N JAPAN,F,163,162,93,128,132,107,119,112,102,86,61,49,103,24,62,22,35,37,17,7,5.1,1.4,90,24,88,10,91,7,22,38,8,21,2,103,104,24,46,100,21,52,91,23,44,35,84,86,90,75,73,74,68,64,71,109,112,97,42,19
2254,N JAPAN,F,171,169,101,135,125,102,126,116,100,97,65,49,115,25,70,26,32,39,21,9,8.6,3.4,94,25,94,18,96,12,38,56,11,23,4,98,103,18,55,109,23,55,100,26,45,33,92,96,102,81,81,74,68,71,81,117,118,101,41,19
2255,N JAPAN,F,172,171,99,136,129,115,129,120,104,95,69,54,111,26,65,30,38,40,23,9,7.1,1.4,92,23,99,19,99,13,35,51,10,22,3,115,109,25,49,110,24,56,95,25,53,38,94,94,100,84,79,76,71,72,78,122,123,103,40,15
2256,N JAPAN,F,165,163,94,123,135,113,127,121,107,92,66,50,110,25,63,31,34,37,22,8,7.7,2.3,95,23,92,14,95,9,26,47,8,24,2,113,100,24,46,99,20,48,93,28,54,33,89,88,94,80,78,75,71,66,74,113,115,101,37,12
2170,N JAPAN,M,184,181,105,139,139,117,134,123,103,97,69,54,119,25,70,33,33,39,20,8,6.9,1.2,96,25,96,15,97,8,35,53,10,28,4,110,109,24,48,114,24,55,97,29,48,40,95,96,100,84,81,78,74,71,78,121,125,108,46,20
2171,N JAPAN,M,183,177,103,133,139,116,138,126,105,98,71,54,118,26,74,32,34,37,22,10,8.3,2.8,95,23,94,13,95,7,39,57,13,24,6,105,108,25,51,115,28,56,91,29,44,36,96,95,99,84,83,83,77,76,80,120,125,104,41,14
2172,N JAPAN,M,193,191,107,137,140,118,141,132,109,102,72,53,123,26,66,35,36,42,22,6,8.2,0.3,99,21,101,14,103,10,40,57,14,22,3,109,116,29,49,121,26,56,98,29,46,38,103,99,108,93,88,90,81,81,88,125,128,112,39,15
2173,N JAPAN,M,182,178,101,139,134,111,134,118,106,97,72,55,120,28,68,34,35,40,19,8,7.8,2.2,96,22,97,15,98,7,35,51,13,25,5,105,111,24,56,116,25,56,97,29,46,36,94,96,103,83,80,78,75,74,83,120,122,102,43,20
2174,N JAPAN,M,178,175,103,146,141,114,137,123,112,100,69,53,118,24,66,33,34,40,17,10,5.6,2.8,99,25,97,16,96,7,32,52,12,25,5,112,120,26,58,115,25,61,97,24,51,36,96,96,103,84,80,80,76,72,83,132,133,105,41,16
2175,N JAPAN,M,168,165,94,143,148,116,126,124,114,96,70,51,110,26,66,33,33,37,19,7,5.1,2.3,93,25,91,11,92,6,30,49,12,26,3,116,110,30,50,110,25,69,102,30,60,36,86,93,101,77,79,75,71,69,80,124,125,106,43,20
2176,N JAPAN,M,182,178,101,133,141,109,133,122,110,94,72,54,113,25,69,28,32,39,21,10,11.2,4,97,25,96,16,95,7,29,51,13,23,4,108,106,25,49,109,21,51,106,33,50,35,92,90,97,82,81,77,74,69,78,117,122,108,43,16
2177,N JAPAN,M,176,172,104,137,143,122,131,122,103,93,81,60,116,25,60,30,36,41,23,9,8.7,3.8,95,25,99,14,101,9,33,53,13,20,5,121,111,27,54,105,20,58,96,24,54,37,96,93,99,85,81,83,75,71,82,120,120,105,42,18
2178,N JAPAN,M,190,187,103,131,139,122,138,124,106,101,71,54,118,26,71,32,35,39,23,8,6.2,3.1,104,27,98,14,98,9,35,58,10,24,4,114,109,28,42,114,22,59,94,29,49,38,95,97,104,86,83,81,76,72,80,116,122,113,41,15
2179,N JAPAN,M,180,179,96,128,133,112,132,120,104,93,62,48,113,26,57,30,33,39,19,7,5.8,1.6,90,20,95,15,95,7,36,52,13,21,3,112,106,28,49,106,23,55,106,37,57,35,88,88,94,80,76,75,71,70,74,116,123,112,41,13
2180,N JAPAN,M,178,176,103,134,144,119,132,123,114,105,74,52,116,26,67,29,35,38,20,9,4.8,2.6,98,29,97,13,95,7,36,56,15,24,5,116,109,26,54,110,22,55,94,26,49,39,91,103,109,83,83,78,75,74,87,113,117,104,48,22
2181,N JAPAN,M,178,178,93,141,152,117,134,127,108,81,73,55,114,21,63,30,36,41,17,8,7.8,3.7,92,19,94,11,97,7,34,52,13,22,3,116,107,21,50,122,30,65,106,26,57,39,83,80,87,74,70,73,66,65,70,122,132,117,45,20
2182,N JAPAN,M,178,175,99,137,143,113,139,127,103,98,74,56,122,26,66,34,36,40,22,9,6.7,2.7,98,23,98,17,99,10,38,58,15,25,5,108,111,23,52,115,29,59,94,25,47,39,94,96,104,84,80,78,72,72,81,123,129,107,42,17
2183,N JAPAN,M,174,172,96,136,150,127,140,133,115,90,69,51,121,25,68,28,33,39,24,7,8.2,2.8,99,21,100,12,100,5,34,52,12,19,4,121,111,31,53,112,25,54,98,25,46,38,88,89,95,79,76,76,72,70,78,118,124,105,44,18
2184,N JAPAN,M,180,179,100,126,139,109,136,123,109,98,70,52,120,27,68,32,36,42,20,7,7.2,2.8,97,21,100,16,101,11,35,55,11,25,4,103,102,17,41,107,23,51,97,26,52,35,87,89,98,79,77,73,67,68,79,110,120,113,44,17
2185,N JAPAN,M,184,182,105,145,144,118,140,127,115,99,69,54,123,26,72,31,34,41,21,9,7.9,3.6,98,21,102,17,101,9,35,54,14,26,4,117,115,26,53,122,25,57,107,27,62,33,97,94,100,87,81,82,78,75,84,131,133,113,40,14
2186,N JAPAN,M,185,182,105,144,147,117,136,130,115,98,69,50,120,26,71,28,35,40,24,10,8.8,2.8,102,25,101,18,100,11,31,51,11,25,4,117,114,26,53,112,19,62,104,29,54,38,95,95,102,86,81,78,74,71,81,124,124,110,46,21
2187,N JAPAN,M,185,181,105,140,147,126,137,126,105,104,71,54,120,28,69,32,35,41,21,8,4.6,2.4,100,30,100,13,102,7,34,52,12,19,4,125,117,32,52,108,18,55,110,31,60,37,98,103,107,87,83,85,79,76,86,127,129,116,44,15
2188,N JAPAN,M,180,177,102,138,142,115,143,131,117,101,73,55,123,26,64,33,39,40,20,8,6,2.6,95,23,99,14,100,7,36,55,12,23,4,108,113,25,53,106,21,57,99,26,49,40,94,97,105,83,82,80,77,75,83,120,123,108,47,19
2189,N JAPAN,M,185,184,97,133,139,117,133,122,107,97,67,48,119,27,62,31,33,40,23,6,7.8,1.7,104,23,97,17,98,11,34,54,11,27,3,112,109,24,50,119,26,57,107,32,56,34,92,94,103,83,81,76,72,70,82,118,125,114,38,17
2190,N JAPAN,M,188,186,104,138,133,111,127,116,103,102,74,52,115,27,71,29,35,40,23,7,8,2.7,99,20,100,17,100,14,36,53,12,23,3,110,114,25,51,118,22,65,104,29,52,36,96,94,105,88,83,78,73,74,84,125,127,114,41,15
2191,N JAPAN,M,185,179,97,138,145,124,135,121,116,96,67,51,123,27,67,30,32,38,24,9,4.1,1.7,99,25,100,13,101,6,35,58,16,23,5,122,111,29,52,119,27,60,95,31,46,39,94,96,102,81,81,80,75,71,83,127,129,106,40,13
2192,N JAPAN,M,190,188,105,141,151,117,148,131,119,103,74,54,132,32,72,32,35,43,23,7,10.3,2.1,112,19,105,16,106,11,37,59,12,29,4,108,116,23,49,119,28,68,105,31,58,37,100,98,108,91,87,83,80,78,83,129,134,116,40,14
2193,N JAPAN,M,175,172,94,127,142,113,136,124,107,90,68,52,118,27,66,33,36,38,23,8,6.6,2.6,98,22,97,12,99,7,34,50,11,23,5,93,104,21,45,103,23,53,103,31,54,37,90,91,95,80,78,79,72,71,77,115,121,108,40,15
2194,N JAPAN,M,179,175,97,131,141,123,133,124,104,88,68,51,112,23,63,26,37,40,18,7,5.4,3.4,93,20,96,13,97,8,33,49,11,22,5,119,104,25,49,115,22,61,95,25,49,36,89,86,91,80,75,78,71,68,75,117,120,107,42,16
2195,N JAPAN,M,180,180,99,134,144,113,131,124,113,90,73,56,112,24,67,31,35,38,20,7,6.6,2.9,96,24,92,14,94,10,31,53,12,24,3,109,114,28,49,99,18,49,110,29,61,35,89,86,90,81,75,75,68,64,75,121,128,119,43,14
2196,N JAPAN,M,192,188,105,144,143,121,137,125,107,102,68,49,123,29,68,35,35,40,24,10,8.7,3.1,101,23,103,16,102,9,35,56,14,26,5,121,117,27,66,113,21,63,113,35,68,32,99,97,105,88,86,84,80,76,83,130,132,120,36,15
2197,N JAPAN,M,178,175,99,129,140,115,129,115,108,97,65,48,118,26,62,30,33,39,20,7,7.2,2.8,91,19,95,14,95,9,39,57,14,22,4,113,107,24,47,110,25,61,100,27,46,35,91,93,98,83,81,78,74,75,79,115,123,109,42,15
2198,N JAPAN,M,189,186,106,139,144,114,142,131,116,96,78,57,122,27,69,29,36,41,21,8,6.9,4.4,104,26,98,14,101,9,34,56,15,27,4,104,116,25,47,114,21,60,106,29,49,39,98,99,106,88,85,84,79,73,85,119,121,109,47,24
2199,N JAPAN,M,177,173,97,135,140,112,136,123,114,97,67,52,116,25,67,27,35,36,22,6,6.7,2.1,94,21,91,9,94,6,38,55,11,23,6,104,111,25,52,108,22,58,93,26,44,38,89,93,100,80,79,81,74,74,77,119,122,106,43,16
2200,N JAPAN,M,191,188,105,135,136,109,137,126,108,109,72,49,118,28,65,26,35,40,24,9,9,2.2,103,23,101,16,102,9,39,55,13,21,4,106,110,24,45,113,25,61,101,32,48,34,95,99,111,85,84,80,76,78,90,116,121,109,42,19
2201,N JAPAN,M,179,178,97,124,145,120,134,121,106,94,68,51,114,28,63,32,34,37,22,8,10,4.2,92,19,96,14,96,7,31,47,10,22,2,120,115,29,47,99,19,49,96,28,48,38,90,85,94,81,77,76,73,68,77,115,121,110,43,10
2202,N JAPAN,M,190,186,109,140,140,119,137,126,112,105,74,55,119,27,75,33,34,41,24,7,5.9,1.9,105,23,101,13,102,9,37,59,13,22,5,112,113,27,50,115,25,55,103,29,58,39,97,94,104,88,85,87,78,73,85,124,132,118,47,17
2203,N JAPAN,M,178,176,92,126,139,115,126,119,106,94,74,53,111,25,62,31,32,38,22,6,7.7,2.7,87,24,95,11,96,6,31,52,12,21,4,112,110,26,50,111,25,61,91,32,44,35,87,90,98,78,76,75,71,67,72,116,122,109,36,12
2204,N JAPAN,M,191,189,101,142,147,123,136,125,113,98,68,48,117,25,70,32,33,40,26,8,9.5,2.5,93,25,99,19,101,13,34,53,10,20,3,123,118,30,51,123,26,64,106,30,49,40,95,96,104,85,81,75,71,70,84,128,132,117,43,15
2205,N JAPAN,M,186,185,106,144,147,122,137,123,105,109,73,54,117,26,61,32,34,38,18,6,6.3,1.9,98,23,89,12,92,7,31,53,10,22,3,116,116,28,50,115,21,56,105,28,54,30,97,102,112,88,86,84,79,79,90,125,128,115,44,20
2206,N JAPAN,M,187,182,104,134,141,116,138,124,110,103,73,52,118,25,68,34,33,39,22,8,8.8,2.3,92,23,97,15,99,8,37,58,13,21,7,114,116,25,58,112,22,59,96,30,50,36,98,96,107,86,84,83,77,74,86,119,122,107,39,15
2207,N JAPAN,M,184,181,102,138,139,117,133,122,108,101,72,52,117,27,65,34,35,41,21,7,8.6,3.3,95,22,98,16,97,9,38,58,9,25,2,116,113,28,44,116,27,62,97,29,51,35,98,100,106,90,86,82,78,79,84,125,129,108,37,15
2208,N JAPAN,M,195,192,108,144,139,118,139,130,116,108,78,57,126,27,70,30,36,40,24,8,8.7,3.3,104,20,102,15,102,7,41,60,15,30,6,106,120,26,63,122,25,62,102,27,51,37,100,105,116,90,90,85,82,85,94,122,125,111,42,23
2209,N JAPAN,M,188,182,90,146,146,124,141,131,119,86,66,51,124,29,65,33,33,40,23,5,7.7,1.3,103,22,101,11,103,7,35,49,11,19,6,120,119,27,49,127,27,68,108,32,49,34,88,89,95,79,76,76,71,70,78,132,134,115,37,17
2210,N JAPAN,M,187,183,104,148,140,122,137,124,111,103,69,51,120,25,68,29,35,38,21,8,6.4,2.8,97,27,96,14,96,8,35,51,12,24,4,119,111,27,50,110,20,58,117,36,59,36,94,98,104,85,81,79,76,72,83,129,133,121,43,19
2211,N JAPAN,M,193,189,108,131,143,121,139,128,110,102,72,57,124,28,69,30,37,42,31,7,10.5,2.2,99,26,111,21,108,13,37,58,10,24,5,111,100,24,45,123,26,67,100,30,47,38,103,99,105,92,87,82,77,73,85,118,121,110,43,14
2212,N JAPAN,M,180,176,98,137,140,116,136,126,110,96,68,49,122,24,69,33,35,40,21,8,6.2,2.9,96,20,97,14,98,9,35,55,14,22,5,112,115,29,49,115,22,63,98,31,53,34,92,91,99,83,79,79,74,72,78,125,126,109,38,13
2213,N JAPAN,M,180,177,109,141,143,118,136,123,110,104,72,55,121,23,63,31,34,41,20,9,7.2,2.8,103,23,99,16,100,8,37,59,14,25,4,113,106,23,43,115,25,64,100,23,50,36,97,99,104,86,85,82,78,77,82,123,126,109,45,19
2214,N JAPAN,M,190,189,102,127,144,113,139,129,119,102,74,55,122,28,73,31,35,41,25,8,9.8,3.2,103,23,102,16,103,10,34,53,10,22,4,105,113,23,49,107,19,56,103,34,50,39,97,96,103,87,83,80,75,73,82,116,120,113,44,12
2215,N JAPAN,M,189,186,101,133,142,118,136,126,109,95,66,50,120,26,65,30,35,39,22,10,7.3,3.4,100,22,98,17,98,11,32,54,13,22,6,118,113,27,54,116,24,61,99,27,40,37,95,90,97,84,79,78,73,70,78,119,123,110,43,14
2216,N JAPAN,M,186,184,108,144,145,113,142,126,116,108,80,58,128,27,78,28,36,42,22,9,4,2.8,108,29,103,16,104,10,41,61,14,29,4,107,116,24,57,113,23,59,98,28,41,38,96,104,112,87,89,83,79,78,94,122,126,110,44,21
2217,N JAPAN,M,184,180,103,145,142,116,142,126,108,106,71,51,125,26,70,31,34,40,26,7,8.2,1,110,22,105,13,106,8,40,59,14,22,5,115,113,26,54,123,28,64,98,27,47,36,91,97,104,82,81,78,75,76,84,129,133,110,46,16
2218,N JAPAN,M,172,169,102,132,130,110,131,120,101,97,69,52,116,25,66,28,33,38,21,5,4.1,1.9,98,25,94,13,96,9,35,56,13,22,4,98,102,22,53,99,21,52,96,28,49,38,92,94,99,85,81,80,75,72,79,114,117,101,44,19
2219,N JAPAN,M,171,167,94,134,140,116,126,120,103,93,69,51,111,22,68,27,34,37,21,7,2.9,0.6,91,21,95,11,95,6,35,52,12,24,5,112,109,26,50,108,23,66,93,26,42,35,85,89,96,78,78,74,72,69,76,118,119,104,40,18
2220,N JAPAN,M,180,178,102,129,140,111,135,124,111,101,81,60,115,23,71,31,35,40,21,9,8.4,4.6,96,25,97,16,98,11,35,53,11,26,3,104,102,20,49,111,25,57,95,25,48,35,94,94,102,85,81,78,74,70,83,115,121,109,38,14
2221,N JAPAN,M,176,173,102,136,142,117,131,120,105,95,69,55,117,26,62,26,32,39,21,8,8.9,4.1,93,25,94,16,96,10,36,52,13,23,3,106,113,27,47,107,23,53,97,28,49,35,94,94,98,84,79,78,73,70,76,121,124,104,40,17
2222,N JAPAN,M,187,182,108,145,133,111,137,126,102,110,67,51,123,27,68,26,35,40,20,7,5.3,1.1,108,20,96,8,99,2,38,56,15,25,5,109,113,28,54,116,24,62,94,25,45,41,96,101,110,86,89,88,84,82,88,122,124,107,49,23
2223,N JAPAN,M,180,177,99,132,136,111,138,122,109,99,69,50,118,21,68,31,34,39,22,8,6.3,3.8,94,24,97,13,98,7,40,58,14,22,4,99,107,24,46,115,25,60,91,29,46,36,90,93,102,80,78,77,72,70,80,116,120,106,41,16
2224,N JAPAN,M,190,186,103,143,143,121,134,122,110,94,69,52,117,26,66,31,36,42,19,8,7.4,3.9,97,25,98,16,101,11,35,54,13,21,4,116,116,27,51,127,29,68,97,27,51,37,98,97,103,88,82,83,77,72,82,125,126,107,39,20
669,ZULU,F,179,176,100,125,137,110,123,117,107,101,64,47,108,28,64,26,32,39,20,9,12.3,4.3,86,22,95,16,93,11,34,50,12,19,2,108,107,26,43,109,22,52,94,31,48,33,90,88,98,80,78,74,69,68,76,115,120,109,40,12
670,ZULU,F,177,175,92,126,133,116,120,112,106,98,69,49,110,29,59,23,32,39,24,8,10.6,2.2,91,25,98,16,98,11,37,52,10,23,1,116,109,28,45,115,26,65,92,26,39,34,88,95,104,79,80,70,67,70,82,112,116,104,36,16
671,ZULU,F,190,189,104,133,137,116,124,115,100,104,74,54,111,26,71,28,34,38,23,11,9.5,2.5,102,32,97,22,94,15,34,54,10,25,2,115,114,27,46,122,25,67,96,30,43,35,101,103,111,90,84,80,73,70,88,122,123,108,35,13
672,ZULU,F,186,185,99,119,127,109,117,109,109,97,65,50,105,29,63,23,31,37,22,10,8.4,3.5,89,24,91,18,92,12,31,48,10,21,1,108,111,30,47,104,17,55,94,34,49,38,96,93,102,83,81,75,70,69,80,107,110,106,40,11
673,ZULU,F,185,183,96,135,131,117,128,114,107,99,61,45,116,28,63,30,31,40,20,8,7.8,1.5,93,15,98,15,97,9,42,56,14,21,2,113,111,32,48,123,26,69,102,31,45,34,88,87,98,79,78,73,70,72,77,121,126,116,41,15
674,ZULU,F,181,181,100,125,132,114,120,109,101,109,63,45,112,29,62,27,33,39,22,10,10.2,3.3,93,30,99,19,96,12,34,56,11,20,1,112,111,27,44,111,25,60,90,24,49,36,94,100,110,82,81,73,68,69,84,112,119,108,39,13
675,ZULU,F,182,180,103,132,131,121,126,112,105,103,67,52,116,31,68,22,34,40,23,9,11.9,2.6,96,21,99,18,101,11,39,53,12,22,3,120,112,28,50,115,24,61,94,24,49,35,99,99,107,88,87,81,76,79,85,119,120,103,39,13
676,ZULU,F,175,173,94,125,128,112,127,115,103,103,69,49,113,25,67,30,33,39,20,10,9.4,3,95,26,96,14,95,8,35,51,12,29,1,111,106,27,49,112,23,58,89,25,39,35,89,95,106,79,77,75,70,70,82,114,117,105,38,11
677,ZULU,F,178,176,98,133,133,115,119,114,104,94,62,46,108,27,72,30,28,38,22,9,11.7,2.6,92,25,95,17,96,11,31,48,11,20,1,113,111,27,44,116,26,56,96,28,50,37,86,90,97,76,74,71,65,64,74,118,122,108,42,15
678,ZULU,F,182,182,101,132,137,120,125,114,107,104,68,49,113,29,62,24,37,39,25,8,9.2,3.5,89,20,100,16,99,12,39,50,12,20,1,120,110,30,47,118,24,61,94,27,45,38,90,94,104,82,80,75,71,75,84,118,123,112,45,15
679,ZULU,F,185,182,107,136,129,109,123,109,101,101,65,51,114,30,61,28,34,43,24,11,9.8,3.6,99,24,104,18,105,15,42,54,13,18,2,108,111,29,47,119,26,64,93,28,40,33,100,99,104,87,84,82,72,76,88,120,120,100,39,16
680,ZULU,F,175,175,97,121,127,105,120,110,101,102,56,43,106,28,61,25,29,37,20,7,4.4,1.4,85,23,91,16,93,10,34,49,9,17,1,103,105,25,44,111,25,58,91,31,44,31,89,93,101,79,79,74,69,70,77,110,114,103,37,13
681,ZULU,F,176,175,90,120,126,113,116,109,102,94,57,41,109,26,65,24,28,38,22,8,9.4,2.6,88,18,97,17,96,10,36,53,11,24,2,112,107,27,49,107,21,54,94,25,40,37,84,85,93,75,77,68,66,67,73,109,116,110,42,11
682,ZULU,F,179,178,92,128,132,116,122,116,105,102,62,48,113,28,65,28,36,41,22,8,6.7,2.3,92,24,102,15,102,8,32,45,12,18,1,116,110,28,45,118,24,64,95,27,53,41,86,92,103,78,75,71,68,69,83,114,118,109,48,14
683,ZULU,F,176,175,93,136,133,114,117,109,102,98,63,46,106,27,62,22,31,39,19,7,7.8,1.8,84,22,93,14,93,9,36,51,11,19,2,113,115,30,50,109,22,58,99,25,43,36,85,88,98,76,74,72,66,67,78,123,127,114,41,12
684,ZULU,F,181,181,96,129,133,119,118,108,101,98,61,47,106,28,62,28,34,39,22,8,11.5,3.5,89,20,97,14,97,9,32,45,9,18,1,119,109,29,41,115,24,59,105,30,44,31,87,88,98,77,73,74,68,68,78,114,120,112,40,16
685,ZULU,F,189,187,102,135,130,113,126,120,97,105,69,49,116,30,67,32,33,39,23,9,7,2.3,96,27,99,17,98,11,41,55,12,22,2,112,122,34,52,117,24,61,86,28,34,37,96,100,109,86,82,78,73,73,83,119,119,105,39,15
686,ZULU,F,173,172,97,124,130,112,121,115,109,96,65,48,113,27,62,19,33,40,22,8,9.2,1.4,90,25,97,17,97,11,35,52,14,17,1,108,104,24,45,103,20,53,92,26,39,38,87,89,97,78,76,68,64,64,77,108,113,104,45,16
688,ZULU,F,178,178,97,131,131,113,125,112,102,98,65,48,114,30,65,26,36,41,22,10,12.1,2.7,98,26,100,19,100,13,30,46,10,16,1,112,111,28,49,103,19,55,104,28,48,38,90,92,101,80,73,71,66,65,78,115,120,110,44,16
689,ZULU,F,173,171,96,124,126,114,122,109,105,94,60,47,117,26,65,24,31,39,26,8,10,1.7,88,20,102,17,101,9,40,54,14,20,3,107,104,26,44,107,22,52,93,25,46,33,89,90,99,78,77,71,67,69,78,106,108,97,40,19
690,ZULU,F,181,180,101,131,127,101,121,113,100,104,66,46,112,27,65,27,32,40,20,9,5.9,1.7,93,23,95,19,97,12,40,54,12,22,3,100,111,23,47,107,23,61,93,25,44,41,93,93,106,84,81,76,72,71,85,115,122,111,45,17
691,ZULU,F,186,183,101,136,138,121,126,119,109,99,62,46,111,27,61,29,32,38,24,11,13.7,4.5,94,20,97,15,98,8,36,50,13,22,1,118,117,33,46,115,23,58,99,27,46,38,92,92,100,81,79,78,73,74,79,119,123,112,44,17
692,ZULU,F,186,185,99,127,136,114,122,116,104,98,68,51,111,29,60,26,32,39,22,10,10.5,3,91,19,98,17,96,10,33,49,11,23,1,114,112,28,49,108,21,55,98,33,46,32,90,90,99,80,78,72,68,71,79,112,120,115,37,15
693,ZULU,F,174,173,96,128,133,121,123,114,96,90,66,48,109,27,59,26,34,38,24,10,8.6,2.4,88,19,98,17,97,8,31,48,9,21,,120,109,33,41,106,20,54,93,25,48,37,91,87,95,79,77,73,70,67,75,114,115,105,40,15
694,ZULU,F,176,175,98,126,125,106,122,111,104,102,60,45,115,29,66,20,31,39,24,11,8.6,2.4,88,23,100,18,99,10,41,52,13,18,1,106,105,26,48,104,22,52,95,30,49,39,92,97,106,82,80,74,71,75,81,113,117,105,41,14
695,ZULU,F,174,174,99,123,127,108,128,118,94,97,62,50,116,33,63,25,31,37,26,7,8.6,0.8,93,20,100,17,99,11,39,53,13,22,1,108,105,27,46,110,24,56,91,24,46,36,92,92,97,83,79,74,72,71,80,112,116,102,42,12
696,ZULU,F,177,176,100,131,134,117,123,111,103,96,56,48,111,30,61,24,32,38,24,8,12.8,2.6,89,19,98,19,99,6,37,51,13,19,2,117,112,31,43,106,24,55,96,22,43,38,91,91,96,80,80,78,73,73,78,116,122,108,44,15
697,ZULU,F,176,175,90,125,133,119,120,116,102,88,55,47,112,29,60,28,31,38,25,7,8.9,2,87,18,100,14,100,8,35,50,13,21,1,118,110,27,44,112,23,62,89,29,36,37,86,86,91,77,77,73,69,69,74,112,113,101,42,13
698,ZULU,F,185,184,104,134,137,117,127,111,102,104,65,47,120,30,63,24,34,40,22,10,9.3,3.6,90,20,98,18,99,9,40,53,13,19,2,117,111,25,50,114,27,61,105,27,50,38,95,97,106,85,83,78,75,77,83,118,125,111,45,17
699,ZULU,F,174,173,90,119,128,113,117,108,99,89,56,42,105,25,56,22,32,39,20,8,8.2,2.8,87,18,95,15,94,10,35,46,9,15,1,112,101,24,45,121,29,68,87,22,46,34,85,83,91,76,73,71,65,66,71,106,113,103,38,12
700,ZULU,F,184,182,97,132,146,122,129,120,111,98,64,45,114,26,67,27,33,40,22,9,8.2,3.2,90,21,101,13,100,8,39,54,13,20,1,122,119,34,50,109,22,61,100,26,52,37,91,93,102,82,79,79,73,72,79,117,122,111,41,14
701,ZULU,F,171,171,88,123,120,108,114,107,96,89,61,44,106,26,60,25,34,40,23,7,10.7,1.4,93,23,99,18,99,12,26,41,8,18,,108,106,28,46,111,20,58,92,25,38,33,84,84,93,75,70,66,62,60,74,110,113,104,36,13
702,ZULU,F,181,179,93,125,126,102,122,113,103,94,60,45,107,25,60,22,34,43,17,9,4.1,2.2,84,24,97,16,98,11,35,50,11,18,3,100,104,22,38,116,22,60,93,31,44,38,88,90,98,78,75,73,66,66,77,111,115,108,38,15
703,ZULU,F,174,173,91,127,128,113,123,109,103,98,65,49,113,30,63,25,32,39,22,9,11.8,2.8,94,22,97,16,98,9,37,49,11,22,2,112,107,26,42,111,26,59,92,29,42,38,91,97,106,81,81,76,71,76,84,115,118,99,36,15
704,ZULU,F,183,182,98,135,134,111,117,112,107,98,63,47,109,27,61,23,32,39,24,11,9.2,3.5,90,24,97,20,98,13,38,56,14,20,1,111,113,28,46,118,25,68,96,28,50,39,90,92,100,79,79,71,66,68,78,119,124,112,43,15
705,ZULU,F,174,174,95,133,146,126,124,117,101,89,66,49,110,27,61,28,35,39,22,8,9.8,2.4,85,20,97,17,97,11,35,52,10,18,1,126,110,33,52,113,24,63,95,24,42,36,89,82,92,77,72,73,64,62,71,121,124,110,39,13
706,ZULU,F,172,171,94,129,132,113,119,109,100,97,60,44,115,25,58,20,32,38,20,8,7.7,2,85,20,94,14,94,9,37,50,11,16,1,112,108,28,45,111,22,57,94,25,46,32,84,87,96,76,76,70,66,68,77,114,117,107,39,16
707,ZULU,F,179,179,92,122,137,117,128,116,103,99,59,45,119,27,66,32,31,41,20,10,9.3,2.3,100,21,99,15,100,8,34,54,12,21,2,117,111,28,42,115,26,60,93,27,46,36,86,90,100,76,77,73,68,68,77,111,119,108,41,11
708,ZULU,F,175,174,106,141,127,110,126,113,102,107,65,48,114,27,63,23,33,39,21,7,7.8,0.9,90,21,96,16,97,10,38,52,12,19,1,108,106,26,42,112,23,62,100,25,45,32,94,94,105,83,80,79,72,73,83,122,123,109,39,19
709,ZULU,F,179,178,97,130,138,117,125,115,105,101,63,48,110,29,61,20,35,41,20,7,8.6,2.8,90,19,99,14,100,9,35,49,14,18,1,116,112,31,49,102,18,55,102,29,53,38,88,88,99,78,76,77,69,69,78,116,121,114,45,15
710,ZULU,F,177,180,105,134,132,117,126,110,106,105,65,50,111,27,59,24,35,37,25,11,8.1,2.2,91,25,97,18,97,11,42,55,14,20,,115,105,25,49,116,21,60,96,22,48,39,96,98,105,85,80,79,74,74,84,118,119,111,44,15
711,ZULU,F,186,184,100,131,134,115,131,117,110,103,59,45,119,29,62,31,33,40,26,10,10.3,2.1,96,19,101,17,102,11,40,54,12,20,2,112,109,25,48,115,25,61,100,30,53,38,90,94,101,80,80,74,70,74,80,115,125,115,47,16
712,ZULU,F,173,172,96,124,129,111,118,108,101,98,65,46,108,27,61,22,35,40,18,10,4,2.3,84,21,96,16,95,9,33,47,10,18,2,110,104,25,42,107,23,56,96,28,48,35,90,92,102,79,77,76,69,71,82,111,115,105,39,15
713,ZULU,F,182,180,100,130,128,109,128,113,109,109,72,50,116,29,64,30,36,40,25,11,13.6,2.9,100,24,104,15,102,7,33,53,12,25,2,106,111,27,47,115,24,61,90,29,42,35,92,100,108,80,84,77,73,75,88,116,121,108,40,14
714,ZULU,F,181,181,97,134,133,117,126,114,107,97,67,47,111,30,59,30,36,39,22,7,5,1.5,94,19,99,16,98,9,35,49,11,22,2,115,114,25,48,122,27,63,94,27,45,34,89,88,99,79,75,72,68,68,76,119,125,111,40,14
715,ZULU,F,172,172,94,123,128,107,124,112,101,92,62,50,115,29,57,26,35,38,23,7,6.8,1.7,91,19,94,13,97,10,38,49,11,17,1,99,100,24,44,102,20,52,99,31,55,38,89,88,96,79,75,75,69,68,79,110,116,109,40,13
614,ZULU,M,189,187,96,135,137,114,129,116,108,100,68,48,119,30,67,30,31,38,28,12,11,3.5,102,24,104,22,101,12,41,56,11,27,1,113,120,29,51,125,28,65,94,28,52,34,92,95,104,79,79,69,67,71,83,122,126,111,35,13
615,ZULU,M,176,173,102,140,137,116,130,118,100,100,67,48,114,26,65,29,33,38,21,5,5.2,2.3,91,20,95,15,94,10,40,54,10,21,2,116,108,28,43,109,20,62,98,25,49,38,91,90,101,82,78,76,70,70,76,118,119,109,44,22
616,ZULU,M,182,180,99,132,140,127,126,112,109,97,66,48,115,30,71,22,34,44,24,9,11.2,3.2,95,21,105,16,105,10,37,55,14,19,2,127,107,30,44,116,25,57,102,23,54,36,94,91,101,83,79,78,70,68,79,118,124,113,38,14
617,ZULU,M,192,190,109,131,135,114,130,117,110,113,64,47,118,28,66,30,32,40,25,12,11.9,4.3,93,24,101,17,101,9,42,54,12,22,3,112,110,24,47,117,23,60,97,30,54,36,103,104,113,90,88,86,81,81,89,121,123,112,41,10
618,ZULU,M,189,186,100,128,135,115,129,116,105,103,67,48,115,28,61,31,36,41,27,10,9.8,3.5,94,25,105,21,102,14,35,48,9,19,2,115,113,30,48,112,23,56,89,29,47,39,95,96,104,82,76,73,66,69,83,116,120,110,41,12
619,ZULU,M,191,189,104,140,134,117,133,119,109,97,66,48,120,30,62,27,33,42,23,10,11.3,3,95,24,102,20,102,15,38,55,11,19,2,117,115,28,46,125,25,65,96,26,48,40,94,92,99,82,76,74,66,68,76,122,125,114,46,19
620,ZULU,M,176,174,100,129,129,113,125,110,98,105,65,47,119,26,61,29,32,40,24,11,9.9,3.2,93,23,101,20,99,10,42,55,14,21,3,110,106,23,49,109,24,56,90,24,53,36,92,96,107,79,79,71,69,72,82,114,118,105,39,15
621,ZULU,M,182,181,99,126,125,112,126,112,108,105,66,48,116,29,65,29,36,42,24,8,7.6,2.1,96,26,102,21,101,14,40,55,11,17,1,112,109,31,43,116,23,60,90,24,41,37,93,94,105,82,78,71,67,71,82,116,119,108,43,11
622,ZULU,M,190,190,103,138,134,117,123,113,100,103,74,53,111,29,61,30,33,40,22,9,10.9,3.4,90,22,98,17,98,11,45,57,13,23,2,117,113,28,53,124,26,67,103,28,44,34,97,98,109,88,85,79,75,77,86,121,124,113,37,18
623,ZULU,M,194,192,110,144,139,114,135,120,108,101,72,51,118,28,65,28,34,39,25,13,8.3,3.7,98,24,105,20,101,10,39,62,13,21,3,113,118,30,46,120,22,60,97,33,48,37,103,102,108,90,90,84,80,79,86,124,124,108,40,21
624,ZULU,M,182,180,99,130,132,111,127,118,106,105,67,49,114,30,69,32,31,40,21,9,8.6,2.7,96,27,100,19,96,12,39,55,11,22,3,110,102,20,46,110,21,57,105,34,46,35,93,102,110,83,83,74,70,75,86,112,117,110,38,18
625,ZULU,M,186,184,99,127,129,112,128,114,103,102,65,50,116,28,65,29,33,40,24,9,8,2.8,96,24,101,20,101,10,33,51,12,22,1,111,112,30,45,120,25,55,86,30,45,35,96,97,104,84,83,78,74,74,81,118,121,105,36,8
626,ZULU,M,195,193,114,135,139,118,124,115,115,116,72,48,115,26,68,30,34,41,23,11,10,3.6,93,27,102,19,100,11,37,54,12,23,2,118,111,28,46,120,23,64,109,36,61,37,100,104,117,89,87,82,78,77,94,124,129,119,40,12
627,ZULU,M,185,183,97,129,129,111,127,113,104,100,61,47,114,30,59,27,33,40,25,11,9.9,2.8,89,26,102,19,100,14,35,49,8,18,2,110,110,27,42,117,25,64,95,27,44,39,92,98,103,80,79,73,66,70,81,117,121,111,40,12
628,ZULU,M,180,178,99,132,132,116,126,116,102,96,68,51,113,25,63,27,35,38,23,9,6.8,1.6,91,22,101,17,97,9,42,52,11,19,2,113,112,28,47,113,25,65,96,25,50,40,90,91,99,79,76,74,70,69,79,115,123,113,46,17
629,ZULU,M,186,183,104,137,137,115,131,118,107,102,69,50,118,31,69,28,31,39,28,10,13,4,108,27,103,20,103,11,26,49,10,22,2,110,114,28,48,105,21,50,100,30,52,38,94,97,107,83,80,74,71,70,85,114,119,106,44,22
630,ZULU,M,184,182,101,133,128,110,133,120,101,98,68,51,116,27,62,27,36,40,24,8,8.4,2.1,100,24,102,16,101,10,35,52,10,22,2,109,109,30,45,118,23,58,86,25,40,42,93,94,103,84,82,76,71,71,82,115,116,103,45,19
631,ZULU,M,172,172,103,131,127,108,131,115,105,106,70,54,114,29,66,22,34,39,21,13,7.2,2.6,99,31,98,18,97,10,33,52,9,19,1,105,102,23,40,106,20,57,88,26,48,39,94,100,106,82,80,74,70,71,82,114,114,101,44,17
632,ZULU,M,190,188,99,133,145,133,137,119,104,93,76,55,124,30,66,30,39,45,26,10,8.1,2,102,22,108,18,109,11,32,43,9,22,3,132,115,29,49,120,29,58,98,25,45,42,93,89,99,81,74,76,69,66,74,118,127,114,45,15
633,ZULU,M,187,185,105,139,141,119,135,119,101,107,68,54,123,31,67,31,36,42,27,10,9,3.2,96,22,109,19,108,13,43,60,14,22,3,119,120,30,52,115,22,60,97,24,45,39,99,101,108,87,86,79,73,78,87,126,126,110,43,14
634,ZULU,M,194,193,105,145,133,116,136,121,111,106,75,54,128,29,74,32,37,43,24,9,10.6,3.8,105,27,107,17,105,12,43,54,11,21,1,115,116,30,46,127,26,72,108,25,56,39,98,102,112,88,82,80,74,74,90,125,127,115,45,20
635,ZULU,M,196,194,111,138,149,125,134,123,112,114,69,52,121,30,67,29,31,42,21,8,12.6,3.8,101,27,104,19,102,12,42,62,12,23,3,123,113,23,48,119,23,64,108,31,61,40,100,102,112,89,87,81,76,74,86,122,129,121,49,17
636,ZULU,M,179,177,96,135,141,121,122,110,103,91,64,47,109,27,61,29,33,37,24,11,6.4,2.7,89,19,97,15,96,7,38,51,14,20,4,121,114,29,49,114,26,64,96,21,51,37,90,88,97,79,76,75,70,70,75,119,124,109,40,16
637,ZULU,M,191,190,110,131,138,125,128,118,107,116,66,49,118,30,68,26,36,39,25,13,12,5,99,31,103,17,102,8,36,55,13,21,1,124,111,34,50,120,25,65,94,29,45,33,104,107,115,90,89,88,82,79,92,121,123,109,39,12
638,ZULU,M,188,187,96,144,143,124,131,116,100,90,67,50,116,25,63,33,33,41,22,8,7.5,1.4,93,24,101,16,101,10,40,56,13,20,2,124,120,30,44,118,22,64,108,29,51,37,89,91,96,79,76,72,67,67,73,125,129,120,41,20
639,ZULU,M,189,186,104,130,135,112,131,113,108,106,66,51,118,29,67,26,35,40,24,8,3.4,0.7,94,23,104,15,102,10,40,56,12,20,3,112,114,30,50,114,22,60,95,29,42,31,99,102,110,89,88,87,78,80,86,116,118,105,36,14
640,ZULU,M,180,178,97,123,130,109,130,116,101,103,59,48,116,30,64,30,31,39,23,9,13.1,3.4,88,20,100,17,99,7,41,56,12,20,2,109,104,21,47,113,23,59,93,27,34,36,92,94,105,79,81,74,71,74,82,111,113,104,41,14
641,ZULU,M,185,184,110,146,134,119,134,115,104,108,67,50,120,27,65,29,33,40,26,10,8.2,2.1,95,23,104,19,102,11,47,61,13,23,1,117,114,27,47,124,29,67,95,19,45,40,99,103,111,88,88,80,78,81,87,122,125,107,47,25
642,ZULU,M,191,189,103,133,134,125,135,120,108,101,62,48,123,28,67,28,33,44,21,9,9.5,3.4,99,18,107,15,106,9,39,49,13,22,2,122,117,33,46,118,28,65,102,24,48,38,92,92,100,80,78,78,73,75,81,117,129,117,48,17
643,ZULU,M,183,182,99,137,138,118,130,118,105,100,66,52,119,31,66,27,32,37,28,8,4.4,1.1,98,22,101,15,100,9,41,57,14,22,3,114,115,25,52,112,24,59,98,24,46,36,90,93,102,79,79,76,70,72,79,119,125,114,41,20
644,ZULU,M,187,185,103,129,132,111,129,118,96,102,63,49,116,30,63,29,33,41,25,12,10.8,2.8,95,26,106,21,102,12,39,54,11,18,3,107,117,30,47,112,22,60,88,25,41,36,98,99,105,84,83,76,71,74,82,116,117,103,39,13
645,ZULU,M,176,174,96,127,129,110,130,118,102,96,68,52,116,31,70,31,35,39,19,12,8.1,2.9,94,23,101,15,98,8,39,54,12,20,3,104,108,25,45,106,25,54,95,23,33,37,91,93,102,77,77,75,70,70,81,110,117,103,40,18
646,ZULU,M,180,179,94,122,133,119,130,117,100,97,66,50,118,30,64,30,34,41,23,8,8.1,1.5,91,23,100,17,101,10,35,49,10,16,1,115,102,28,43,114,25,61,94,27,42,38,90,92,101,80,77,74,68,69,77,110,118,109,39,11
647,ZULU,M,184,183,97,127,136,109,124,115,100,95,65,48,108,25,61,23,33,38,20,8,6.7,1.7,90,21,92,16,93,11,37,54,12,22,1,106,110,28,45,103,16,49,103,38,60,39,92,93,100,83,82,78,72,73,80,113,115,110,42,14
648,ZULU,M,182,180,107,130,127,105,128,113,104,112,59,43,117,26,66,29,30,40,23,8,7.1,1.7,98,26,99,21,98,14,41,58,12,19,1,102,107,26,42,117,24,61,87,23,41,34,95,100,108,85,84,74,70,74,88,115,117,105,43,16
649,ZULU,M,186,183,108,133,135,121,137,120,112,106,63,48,119,29,67,25,35,43,22,10,10.2,3.8,103,23,103,18,104,11,37,53,12,21,2,120,110,28,50,115,23,61,90,25,41,40,99,97,105,85,81,81,74,74,81,120,121,108,45,14
650,ZULU,M,180,178,104,133,134,114,130,115,107,107,69,52,119,29,62,30,35,39,24,11,8.9,2.1,98,23,101,17,99,9,39,53,12,22,2,111,106,26,48,115,25,67,90,24,49,38,92,98,106,82,82,76,72,77,84,112,119,108,46,21
651,ZULU,M,194,192,107,143,139,116,130,119,111,100,71,52,119,32,67,29,33,42,23,10,13,3.2,100,21,101,18,104,12,39,54,13,20,3,111,122,30,55,120,26,64,97,25,50,43,99,92,104,86,82,83,72,72,85,124,129,114,47,19
652,ZULU,M,188,186,101,134,135,113,128,116,96,103,71,49,114,26,64,30,34,39,22,10,7.5,2.6,90,21,98,15,98,8,36,54,13,22,3,111,118,27,45,111,23,59,99,33,48,34,92,92,103,80,79,76,71,71,80,120,127,116,40,13
653,ZULU,M,179,178,91,132,127,113,126,113,105,96,64,50,114,29,64,28,33,41,22,10,10.7,3.4,91,25,98,19,99,10,39,56,14,17,1,113,113,31,48,119,25,56,93,33,42,32,87,92,101,74,74,66,63,66,80,117,120,106,35,16
654,ZULU,M,190,189,107,134,126,112,128,113,104,108,66,48,116,31,69,26,34,41,23,10,5.6,2.6,104,29,102,21,100,11,37,54,12,22,2,112,115,27,48,116,21,60,100,28,49,36,101,102,109,92,83,80,77,72,86,121,122,113,38,14
655,ZULU,M,180,178,98,127,127,112,123,111,102,109,70,49,111,30,64,21,34,40,18,8,5.8,1.6,92,23,97,13,97,8,33,46,11,17,3,112,105,26,47,107,29,52,100,26,51,38,89,94,109,80,78,76,70,73,84,113,124,114,45,15
656,ZULU,M,174,173,95,124,131,110,134,119,108,96,62,47,112,26,65,33,33,42,18,10,8,2.3,88,24,99,16,99,9,35,48,11,19,1,103,105,27,42,106,20,52,93,25,44,38,87,92,99,76,73,70,65,68,78,108,113,106,43,16
657,ZULU,M,178,177,96,136,133,121,131,116,108,101,68,51,118,26,63,28,33,40,26,8,9.5,3.7,94,24,102,16,101,10,40,54,12,21,2,115,113,28,45,117,30,62,100,26,51,34,87,97,104,80,79,72,70,74,84,118,125,107,43,19
658,ZULU,M,182,181,103,137,137,118,131,117,113,100,73,53,119,29,66,27,33,41,24,9,9.6,3.3,94,21,106,18,104,11,41,52,10,22,2,116,104,26,48,118,24,63,97,27,45,39,93,94,104,82,79,73,70,73,82,117,120,109,45,20
659,ZULU,M,190,188,108,140,135,123,139,124,104,106,76,57,123,32,69,30,36,44,23,10,10.4,3.1,103,27,110,19,108,11,38,55,11,24,3,122,120,30,59,113,23,65,96,24,48,39,101,104,112,89,86,85,79,77,90,123,123,105,43,18
660,ZULU,M,180,179,103,135,125,115,129,113,102,100,68,50,119,25,63,27,34,40,24,11,12,4.7,93,23,103,20,101,12,43,53,14,21,1,115,109,28,43,110,23,57,89,23,42,40,98,100,107,85,84,76,72,77,84,118,119,102,39,18
661,ZULU,M,182,180,97,135,137,112,131,115,109,95,66,51,118,29,65,25,35,40,23,10,9.7,2.9,97,23,102,18,102,10,36,55,14,22,2,111,116,28,47,108,23,51,100,26,48,38,93,93,101,80,78,74,69,69,79,118,123,109,41,17
662,ZULU,M,182,181,102,125,128,115,122,111,98,94,61,49,109,29,64,26,33,35,28,8,10.3,1.7,94,23,97,18,96,10,33,49,11,18,2,113,108,26,52,120,29,64,93,24,47,37,92,91,95,81,76,74,70,68,78,115,122,108,43,19
663,ZULU,M,192,190,101,130,136,113,128,114,105,98,66,52,112,28,62,24,33,40,22,10,5.8,3.4,90,24,99,18,98,9,35,52,10,19,3,112,117,29,51,115,23,62,98,31,45,35,97,99,103,84,82,77,71,73,82,115,119,110,39,16
664,ZULU,M,183,181,103,142,138,117,129,117,109,103,76,51,116,28,69,29,37,42,21,11,6.8,3.7,100,29,102,19,101,13,37,52,11,21,4,109,113,24,54,117,24,67,102,24,52,35,94,99,108,83,78,76,69,69,86,123,127,113,40,20
665,ZULU,M,181,178,101,130,136,117,129,116,104,104,68,47,116,27,65,28,36,40,25,10,11.4,4.3,94,20,104,17,102,10,39,52,13,22,3,116,103,28,45,114,25,60,93,29,50,38,92,94,104,80,79,74,70,75,82,115,122,109,43,15
666,ZULU,M,196,192,110,145,131,113,139,118,115,114,71,53,125,31,63,34,33,43,24,10,12.9,3.3,107,27,107,17,108,7,42,57,13,21,2,109,111,29,41,119,27,63,101,32,45,39,95,105,115,84,84,78,75,78,93,119,124,110,49,26
667,ZULU,M,182,181,99,131,133,119,132,114,108,98,62,49,115,30,68,30,33,41,25,12,7.5,3.7,96,24,104,19,104,10,36,55,10,21,3,118,111,23,50,119,27,65,93,20,37,38,94,93,100,82,79,76,70,69,76,119,123,108,43,12
668,ZULU,M,190,189,106,140,137,117,134,121,108,107,71,54,120,31,71,34,35,42,24,9,9,2.1,99,23,104,16,104,8,37,53,12,21,2,111,116,30,45,115,23,68,105,26,46,38,95,96,105,85,80,81,75,71,85,126,133,122,46,15
56,NORSE,F,182,182,97,119,138,108,122,117,106,103,68,48,110,25,60,28,32,39,20,10,11.9,4.2,91,22,93,20,95,13,33,52,11,25,2,104,108,21,49,109,24,63,94,34,49,32,93,96,104,82,82,74,71,75,83,111,122,105,36,7
57,NORSE,F,170,169,91,123,132,107,124,113,101,90,65,48,110,24,59,26,34,39,20,9,7.7,2.4,92,21,95,15,95,9,31,47,10,21,2,104,104,23,48,104,25,51,94,27,38,36,85,87,93,75,75,71,68,66,74,110,118,102,41,10
58,NORSE,F,180,179,98,128,134,114,122,118,108,96,59,45,110,26,58,26,33,36,21,12,10.4,5.1,87,23,90,18,91,11,39,56,12,22,2,112,106,23,50,109,24,58,97,30,41,34,91,92,96,78,78,74,69,69,75,116,122,108,38,9
59,NORSE,F,177,177,92,120,137,116,120,112,106,86,57,45,106,23,55,24,32,38,20,11,9.1,5.3,82,18,90,17,90,11,33,46,9,22,2,108,107,25,49,104,21,57,100,30,40,35,86,85,89,75,72,70,65,68,72,107,116,109,38,11
60,NORSE,F,180,179,99,126,138,121,124,115,107,95,63,47,113,22,60,27,33,41,19,12,8.7,5,90,23,97,17,96,11,34,52,11,25,2,117,107,24,46,106,24,54,96,30,49,35,91,93,96,80,80,74,69,69,76,112,118,107,39,12
61,NORSE,F,180,178,99,126,134,116,129,121,112,96,62,47,113,25,60,23,34,39,19,13,7.3,4,90,20,96,19,96,10,35,46,9,19,2,114,104,25,45,115,23,63,92,26,44,36,91,90,96,77,76,72,67,70,79,112,114,104,44,13
62,NORSE,F,176,175,92,128,142,114,128,123,103,90,62,46,110,23,62,26,34,39,20,9,7.6,3.2,93,25,94,17,95,11,27,47,7,24,2,114,114,31,47,103,21,57,100,34,55,30,91,91,96,80,79,74,70,66,77,118,122,109,30,9
63,NORSE,F,172,172,94,131,127,108,122,114,110,90,70,51,109,25,59,26,36,39,19,11,7.3,4.3,86,22,94,17,92,10,33,52,10,22,2,105,112,22,51,105,22,54,98,27,53,35,88,91,96,77,78,73,69,71,78,116,119,104,38,15
64,NORSE,F,180,180,95,123,128,117,119,108,96,93,61,46,106,24,59,22,30,38,20,12,8.7,4,89,22,92,17,92,11,36,52,10,19,2,116,109,25,54,118,26,61,91,26,39,32,90,91,96,79,79,74,69,69,76,112,117,104,35,8
65,NORSE,F,171,168,88,127,136,113,121,117,98,86,58,44,105,23,58,26,32,37,17,9,8.5,2.8,85,22,90,13,89,9,33,49,8,22,2,113,104,25,41,111,26,56,96,28,42,31,82,86,90,73,72,70,65,64,70,114,122,104,35,11
66,NORSE,F,181,180,102,134,137,117,126,116,114,99,67,49,112,26,60,21,33,40,22,13,10,4.6,92,22,95,19,97,13,33,49,10,21,2,117,107,24,47,109,21,61,102,28,49,35,91,94,99,78,78,72,67,71,79,115,120,110,44,17
67,NORSE,F,182,180,96,127,135,116,120,114,100,93,57,44,106,21,58,28,30,37,18,12,7.9,4.4,79,18,89,14,89,7,36,53,10,24,3,113,108,26,52,119,26,59,94,29,44,33,88,89,93,78,78,74,69,70,73,115,119,106,38,10
68,NORSE,F,181,180,101,128,142,118,122,117,110,93,61,46,107,23,56,22,34,40,22,10,10.8,3.7,91,23,96,19,95,13,32,51,10,19,2,117,112,28,46,104,19,55,99,32,52,32,95,91,96,82,78,76,69,68,73,115,117,105,37,12
69,NORSE,F,179,178,96,130,137,113,119,113,103,91,65,51,103,23,58,24,34,37,19,13,7.9,4.4,87,25,86,15,88,9,30,46,10,23,2,113,117,26,50,99,19,56,107,33,55,33,92,92,96,81,78,79,70,68,75,117,122,109,36,12
70,NORSE,F,175,174,101,127,136,113,123,113,108,100,57,45,110,26,60,25,30,38,21,11,8.6,4.5,86,20,93,13,95,8,37,55,12,22,2,113,100,20,47,104,21,56,101,27,45,35,89,93,96,78,80,77,70,72,76,111,118,109,44,14
71,NORSE,F,184,182,97,129,141,114,126,119,107,93,67,50,111,26,60,26,31,40,23,12,14,5.5,92,25,97,21,96,13,35,49,9,26,2,113,109,28,44,106,20,60,103,35,47,35,86,90,95,76,74,67,64,66,73,112,120,114,40,16
72,NORSE,F,179,178,97,123,135,111,127,120,104,102,60,47,114,25,60,26,31,40,19,11,7.1,3.4,95,23,94,18,95,12,38,57,11,22,3,109,108,23,45,110,22,61,96,28,47,36,96,98,108,85,85,78,74,76,85,118,120,107,37,4
73,NORSE,F,176,175,99,130,139,112,128,121,106,89,71,53,114,25,62,24,36,40,22,11,7.9,4.5,92,16,95,17,97,11,39,53,14,23,2,112,111,25,51,104,23,54,96,28,49,39,92,88,94,80,78,76,70,74,75,113,117,102,44,15
74,NORSE,F,180,177,95,126,139,113,127,121,107,99,69,51,112,23,58,26,36,41,20,9,11.4,2.9,91,20,97,14,97,9,33,50,11,23,3,112,107,26,46,114,24,63,95,30,44,32,88,91,99,79,77,75,69,71,77,117,122,109,36,7
75,NORSE,F,174,172,91,125,147,124,129,123,112,91,65,52,116,23,64,24,34,41,21,12,8.4,3.2,94,23,100,15,100,7,30,49,10,19,2,121,107,26,49,113,26,58,91,30,44,34,87,88,94,74,75,71,67,67,76,115,117,99,37,8
76,NORSE,F,177,176,92,125,137,113,118,115,110,91,69,49,106,23,61,25,32,40,19,10,7.4,3.5,89,24,93,16,95,12,32,50,11,22,2,112,110,27,52,116,27,60,86,31,45,34,85,87,94,76,75,70,64,64,76,112,116,102,38,10
77,NORSE,F,182,181,97,122,135,109,127,118,104,96,63,49,113,21,59,28,32,42,21,12,8.5,3.5,89,23,99,22,98,14,35,50,9,20,2,109,108,24,46,115,22,62,93,32,45,31,95,96,99,83,81,73,70,74,81,114,114,102,31,6
78,NORSE,F,177,173,99,121,133,112,122,115,107,96,59,46,111,26,60,26,30,37,24,10,8.8,2.3,94,19,94,19,95,8,37,52,12,26,4,92,99,27,45,107,28,58,89,26,37,35,89,89,95,76,76,76,70,70,76,107,116,100,42,13
79,NORSE,F,186,183,101,129,133,115,123,113,111,93,67,55,108,24,61,24,36,38,22,14,9.4,4.3,88,24,94,19,95,12,35,49,9,19,2,115,109,26,52,121,26,59,91,28,46,36,93,91,95,80,76,73,66,67,75,115,119,105,42,12
80,NORSE,F,176,176,97,128,129,106,124,117,102,95,68,53,108,25,63,25,31,38,22,10,11.4,4.6,90,23,90,15,91,9,34,51,10,21,1,105,108,24,50,114,25,59,92,27,40,31,90,90,98,79,77,76,69,66,78,112,117,101,38,14
81,NORSE,F,181,181,98,127,137,113,123,119,110,94,60,49,108,26,61,25,31,37,22,10,9.6,3.5,83,20,92,17,91,10,38,49,11,22,1,109,110,26,48,113,26,60,102,28,54,36,90,91,96,79,78,74,69,71,76,114,122,109,42,12
82,NORSE,F,176,175,101,127,138,119,132,122,105,94,61,50,112,25,61,28,33,40,21,11,9.8,3,95,21,98,18,97,12,34,55,11,21,2,117,108,27,47,104,23,53,88,27,41,35,92,92,94,81,80,74,69,71,73,112,114,98,42,14
83,NORSE,F,183,181,94,123,128,109,122,113,106,93,68,51,114,25,56,29,33,38,25,11,9.9,3.2,91,22,100,17,99,10,37,53,13,24,2,107,103,23,45,108,21,64,101,32,44,32,86,89,95,75,75,69,64,67,75,107,116,111,37,13
84,NORSE,F,174,172,98,123,131,116,128,119,101,94,63,50,115,23,60,28,35,41,25,10,6,2.3,92,25,100,20,100,14,32,47,10,22,2,110,101,28,47,104,19,54,87,27,38,37,89,93,96,78,75,69,64,67,72,105,106,95,43,15
85,NORSE,F,184,184,101,127,135,116,125,117,109,102,69,52,112,27,61,27,38,40,24,11,11.3,5,96,22,101,18,100,12,36,50,9,24,1,112,105,21,45,107,24,59,102,32,43,37,92,97,104,82,82,74,70,75,83,111,121,109,43,14
86,NORSE,F,188,187,99,126,141,116,125,120,111,98,60,46,111,28,62,26,33,38,20,10,7.9,2.6,100,19,91,15,93,8,30,47,12,26,2,114,117,28,56,118,27,63,96,30,47,34,92,92,97,81,81,77,74,74,79,114,122,108,41,10
87,NORSE,F,178,177,99,130,137,113,127,122,107,98,68,50,104,21,65,31,33,38,20,11,8.8,3.4,93,25,90,18,91,12,32,54,11,25,2,110,112,26,50,110,24,61,94,29,50,34,92,94,100,80,80,75,70,69,79,116,121,106,39,12
88,NORSE,F,189,187,94,125,143,123,131,124,112,91,59,45,114,24,63,27,32,41,22,11,8.2,3.7,92,19,100,19,100,11,35,55,12,22,3,121,115,28,50,112,20,60,101,36,53,37,93,90,95,81,81,75,70,71,77,117,120,109,37,7
89,NORSE,F,180,179,96,124,137,116,123,119,104,98,69,52,108,25,59,26,33,38,20,12,8.3,3.9,91,24,93,16,93,9,33,51,11,23,2,110,110,26,50,108,22,52,88,30,39,37,91,92,99,80,80,77,71,69,79,115,117,104,40,7
91,NORSE,F,178,176,95,125,135,109,119,114,104,95,68,50,106,21,58,24,32,37,19,10,7.4,3.4,90,24,89,15,90,8,33,49,11,22,3,105,110,26,48,114,27,63,91,27,53,33,88,90,96,76,77,75,69,69,77,111,118,102,40,11
92,NORSE,F,178,176,101,133,135,120,132,121,111,100,64,49,118,25,65,26,32,41,23,11,7.8,3.6,100,22,101,17,101,10,37,53,12,24,2,119,103,24,46,112,24,59,99,28,42,35,90,97,101,81,82,74,71,76,85,113,118,103,44,18
93,NORSE,F,180,179,94,123,133,111,124,115,103,86,65,50,107,25,57,26,31,39,20,12,9.8,3.7,86,22,95,20,93,13,34,49,8,22,2,111,106,26,46,111,24,61,98,29,42,36,90,88,92,78,77,70,65,67,72,111,118,107,38,12
94,NORSE,F,177,177,104,135,136,113,128,122,109,93,69,51,109,24,58,24,34,41,18,10,6.8,3.1,94,19,91,15,93,12,30,48,8,25,2,107,112,23,55,102,21,57,100,27,50,36,92,88,94,82,78,77,69,69,75,116,121,107,43,17
95,NORSE,F,189,188,97,119,140,118,125,118,112,102,66,50,108,26,60,25,33,38,23,12,11.8,5,97,25,95,18,95,11,30,48,11,22,1,115,111,26,51,111,23,60,94,35,40,37,90,94,101,77,77,71,67,70,82,112,118,110,43,8
96,NORSE,F,184,182,101,132,134,118,127,119,104,92,62,51,112,22,58,28,35,42,19,8,6.4,3.4,95,21,96,18,97,14,35,54,12,22,1,114,110,28,49,112,22,55,97,29,45,36,93,93,96,84,81,77,69,72,78,112,116,106,41,19
97,NORSE,F,182,181,100,124,135,114,129,113,105,93,61,50,117,28,64,29,35,42,25,14,13.8,6.4,102,26,102,23,104,16,32,51,9,22,2,113,109,25,52,104,20,56,95,31,41,34,95,95,97,82,79,72,66,69,80,110,112,100,37,13
98,NORSE,F,181,181,97,129,136,115,120,118,109,90,66,50,110,27,62,24,35,41,21,11,11.2,3.4,89,27,97,21,97,16,35,50,11,20,1,114,112,28,50,108,22,55,96,32,49,38,93,92,96,81,77,73,66,66,74,113,117,104,40,14
99,NORSE,F,176,174,98,129,129,103,120,113,96,90,60,48,108,19,58,23,33,37,17,11,6.4,4,88,23,89,19,89,11,30,47,8,21,3,102,105,25,48,108,23,58,89,29,43,34,87,87,90,76,73,68,64,62,68,112,115,102,41,16
100,NORSE,F,179,177,97,127,140,114,122,118,103,92,70,50,107,21,63,30,33,41,16,12,8.4,5.1,85,23,93,18,93,11,36,54,11,22,2,114,107,25,47,110,22,55,98,31,44,35,91,92,97,79,80,74,67,69,77,112,114,102,39,14
101,NORSE,F,187,185,99,127,142,112,127,120,108,90,62,50,108,22,58,31,33,40,17,12,8,4.7,93,25,93,19,93,12,30,46,9,22,2,110,110,26,51,111,25,56,99,33,61,34,93,90,93,80,78,76,68,66,77,114,122,112,36,11
102,NORSE,F,180,179,105,134,139,122,128,121,107,95,63,48,110,24,60,24,34,39,21,10,7.8,1.8,85,21,97,17,97,11,36,54,12,21,1,122,111,29,48,110,24,58,89,23,41,39,94,93,98,83,81,78,72,74,76,112,115,98,46,20
103,NORSE,F,180,179,92,121,138,113,122,118,106,90,68,50,108,23,60,28,38,40,19,12,8.9,3.7,86,21,96,18,96,11,33,47,9,18,1,113,107,28,49,114,24,57,90,29,39,38,87,88,93,77,73,71,65,66,69,108,113,101,44,11
104,NORSE,F,180,179,93,123,135,114,125,119,109,90,71,56,109,25,62,28,37,39,18,9,8,3.9,82,22,93,16,94,10,36,52,10,22,1,110,107,31,46,112,22,57,92,32,47,35,89,89,94,77,76,74,67,67,75,111,115,106,35,10
105,NORSE,F,193,190,100,126,136,118,126,121,109,94,65,49,111,23,60,23,32,38,26,11,11.9,4.6,88,18,99,21,98,10,35,52,11,21,2,118,106,27,46,119,25,63,96,34,43,38,96,90,97,81,81,76,71,73,78,114,118,106,42,11
106,NORSE,F,178,178,98,117,135,114,119,115,109,87,65,49,109,25,59,27,34,39,20,11,11.1,3.6,89,21,92,18,92,13,35,52,11,21,1,110,108,27,44,108,22,62,95,29,46,33,95,92,97,84,80,75,70,70,79,106,111,101,30,12
107,NORSE,F,188,187,102,126,148,124,134,130,112,98,69,54,119,25,61,31,35,42,20,10,6.7,2.9,89,22,99,19,100,14,39,54,10,26,2,119,108,25,53,119,27,64,91,29,39,39,99,97,102,88,85,82,76,77,86,115,119,104,40,10
108,NORSE,F,179,178,93,119,137,114,121,117,107,90,65,51,106,24,59,33,36,39,20,11,8.2,4,86,22,92,18,93,9,36,53,11,25,2,112,106,26,46,105,23,56,98,31,39,35,85,88,91,74,74,69,65,65,73,108,119,110,42,8
109,NORSE,F,176,174,98,130,133,113,120,116,112,94,60,49,106,27,61,26,28,37,22,10,10.1,3.7,88,21,93,19,93,10,36,52,13,23,3,112,108,23,46,103,22,56,99,27,43,35,89,90,96,77,79,70,68,70,75,111,117,105,43,17
110,NORSE,F,177,175,100,119,141,118,123,118,111,101,60,49,112,25,61,22,33,39,22,11,10.4,4.6,89,23,97,17,97,10,33,48,9,21,2,112,102,26,48,101,20,55,90,33,44,33,90,93,98,79,78,73,69,70,78,107,110,99,42,11
1,NORSE,M,189,185,100,135,143,120,133,119,112,96,66,50,118,26,63,31,31,42,22,12,9.5,4.9,83,20,100,19,100,8,42,57,13,24,4,115,118,25,53,119,26,62,98,30,51,34,96,95,100,84,81,74,73,76,83,120,122,104,39,14
2,NORSE,M,182,178,102,139,145,120,137,125,113,108,64,48,118,25,72,19,28,39,21,9,10.8,4.5,101,27,95,17,96,9,32,53,10,23,4,117,116,28,55,113,24,59,93,27,39,34,93,102,108,84,84,76,73,74,82,122,124,102,41,15
3,NORSE,M,191,187,102,123,140,114,134,125,112,102,67,53,112,23,65,28,33,41,20,13,8.1,4.5,90,24,98,19,97,10,35,56,10,24,4,112,107,25,47,118,23,59,88,30,45,41,96,96,102,82,82,77,72,70,82,113,116,106,45,8
4,NORSE,M,191,188,100,127,141,123,135,127,113,95,76,53,114,26,62,25,35,40,23,10,8.8,4.4,94,23,98,16,99,8,34,52,11,22,3,116,109,26,47,116,24,57,94,34,50,38,92,93,98,81,79,79,73,72,77,113,118,107,43,12
5,NORSE,M,178,177,97,128,138,117,129,121,111,90,67,51,115,24,64,26,32,39,21,11,8.9,5.4,91,21,96,18,97,10,35,52,12,27,2,116,102,22,45,113,26,62,94,32,40,34,91,92,94,79,79,72,69,71,76,112,118,103,37,15
6,NORSE,M,194,191,106,132,139,118,136,128,112,102,69,50,117,25,65,29,33,40,22,13,8.3,2.8,91,22,101,20,98,11,38,57,10,23,3,115,107,23,49,115,26,58,103,34,47,35,100,100,104,87,88,79,75,78,84,119,125,110,42,11
7,NORSE,M,186,183,95,122,143,122,128,119,108,95,66,49,114,24,61,26,32,39,25,14,9.4,4.3,95,22,97,20,95,11,36,55,12,26,4,121,113,26,55,115,24,64,93,32,45,32,94,94,98,81,80,73,70,73,77,115,118,104,32,6
8,NORSE,M,186,184,103,130,141,121,128,121,109,100,64,49,118,25,62,32,35,38,27,14,13.1,3.7,100,17,99,19,100,8,37,55,14,27,3,114,112,24,53,117,26,62,94,25,42,38,93,91,98,78,80,74,70,74,78,116,122,109,47,13
9,NORSE,M,186,182,96,134,141,123,135,123,111,87,72,51,115,24,61,31,33,39,20,15,8.2,4.5,90,22,95,20,97,9,37,57,10,28,5,123,118,28,59,111,25,65,101,31,56,33,94,92,98,79,81,76,70,71,79,117,120,103,36,18
10,NORSE,M,189,189,101,131,144,115,130,125,108,95,63,50,115,25,61,28,33,40,19,14,8.1,4.6,93,20,96,17,96,10,38,54,10,25,2,114,118,28,52,106,25,57,107,36,53,34,93,93,96,79,80,75,69,73,78,115,124,111,42,13
11,NORSE,M,186,183,107,138,143,116,136,129,113,96,70,55,118,25,57,28,32,41,20,11,7.1,6.1,94,22,101,17,101,11,36,55,11,22,5,111,115,23,58,111,22,60,96,25,46,39,96,96,98,84,83,81,74,74,82,118,121,106,47,18
12,NORSE,M,182,182,99,124,136,113,125,120,111,98,69,53,114,25,63,28,36,40,20,12,8,3.7,93,26,96,19,94,14,37,54,10,24,1,111,108,22,44,114,26,61,95,33,54,35,90,91,96,79,76,72,66,65,76,116,125,111,42,8
13,NORSE,M,193,191,101,134,142,118,132,125,115,96,70,53,117,24,60,29,35,38,22,10,9.7,4.2,94,22,98,16,97,10,35,55,13,25,3,112,116,25,52,112,20,61,101,35,54,38,95,97,102,83,82,79,74,74,82,117,121,110,42,16
14,NORSE,M,195,194,105,127,137,110,135,125,112,98,73,59,116,24,67,32,35,39,24,15,7.5,3.9,90,24,99,19,98,10,37,55,11,24,3,102,114,25,48,110,24,61,96,33,38,39,98,99,102,85,84,79,73,75,82,111,119,110,44,14
15,NORSE,M,187,183,103,131,141,117,133,125,111,96,67,48,116,25,67,28,33,39,21,12,5.7,2.3,93,23,99,19,98,11,38,54,12,25,4,110,114,27,54,116,27,66,100,31,50,37,94,96,99,81,81,75,71,74,81,114,118,101,43,16
16,NORSE,M,189,187,97,129,144,129,136,121,109,95,64,49,119,25,63,34,31,39,27,12,9,2.4,94,20,99,18,100,12,37,55,11,23,2,125,111,27,46,115,25,60,99,35,49,33,92,94,98,80,84,75,69,74,77,116,122,106,36,11
17,NORSE,M,179,174,101,132,147,121,139,129,110,98,65,49,123,28,68,28,31,40,25,13,9.9,4.1,100,24,102,23,102,13,38,60,11,25,4,118,114,26,49,112,23,59,90,23,48,39,96,95,100,82,82,73,68,71,81,121,121,101,42,10
18,NORSE,M,175,174,100,132,135,113,128,114,107,93,65,47,115,26,59,30,35,40,23,12,9.6,5.2,87,18,100,19,100,11,42,58,13,23,4,110,109,22,51,106,23,58,98,26,47,35,95,92,98,83,83,76,71,74,77,116,118,100,39,14
19,NORSE,M,191,189,109,128,135,110,139,127,114,114,76,58,127,28,72,37,34,42,22,14,7.8,4.1,109,29,102,20,104,10,40,62,14,28,7,96,112,18,55,110,24,58,98,28,52,38,101,109,117,88,91,83,80,82,94,112,120,108,42,14
20,NORSE,M,192,191,100,127,142,115,134,126,114,97,72,57,118,24,63,36,35,42,22,12,9.9,5,96,25,99,22,97,15,42,60,13,27,4,115,123,27,54,110,24,59,103,33,61,36,97,99,102,85,83,74,69,73,86,115,123,112,39,11
21,NORSE,M,194,192,104,139,145,122,137,125,112,96,67,52,117,24,59,36,33,39,22,12,7.1,3.3,100,21,94,18,95,10,33,53,9,21,3,121,117,26,52,123,24,67,103,29,43,37,94,93,97,81,80,76,71,72,79,123,127,114,44,14
22,NORSE,M,195,191,100,128,137,109,137,125,116,102,69,49,119,26,63,33,36,41,22,11,10.4,5,100,26,99,21,100,11,35,53,11,23,7,104,119,21,59,117,26,61,95,27,47,36,91,94,101,78,75,71,66,69,80,116,126,113,44,11
23,NORSE,M,184,182,102,137,142,120,134,122,112,96,68,52,113,23,62,30,35,40,18,11,6.4,5,94,23,95,16,94,11,36,57,10,25,2,115,109,23,52,116,28,61,96,29,47,37,97,99,105,87,85,81,75,75,84,119,124,101,38,18
24,NORSE,M,186,185,109,133,137,117,138,125,108,109,64,50,124,26,65,30,32,40,21,12,10.9,5.5,96,22,99,18,100,9,41,59,13,27,3,117,113,24,49,112,25,59,93,28,50,34,101,105,109,89,92,85,81,85,89,117,122,102,40,14
25,NORSE,M,195,193,102,141,147,127,136,131,116,92,74,56,114,25,67,36,32,38,27,13,9.8,5.2,107,28,98,21,100,13,34,58,10,27,2,123,123,26,64,122,27,66,103,35,58,38,96,94,98,82,81,75,70,67,80,125,129,111,41,14
26,NORSE,M,189,187,102,134,139,118,136,122,107,95,67,52,118,25,59,31,34,42,24,12,9.1,4.3,90,23,102,20,102,12,39,56,10,26,3,115,114,24,51,117,26,59,98,31,51,38,96,96,100,84,81,74,69,72,78,116,120,105,44,17
27,NORSE,M,188,185,101,133,134,116,129,121,106,94,68,50,114,24,65,28,35,40,22,10,10.2,4.2,87,17,99,19,96,11,38,56,14,23,2,114,108,26,48,116,24,61,103,33,47,31,94,90,97,81,80,75,70,73,76,117,121,109,37,15
28,NORSE,M,182,180,104,123,131,108,130,119,107,102,62,48,116,26,64,24,33,39,24,12,9,3.2,92,22,97,21,97,11,34,51,11,24,3,90,103,19,53,104,24,55,97,29,40,35,99,99,104,86,85,79,75,78,86,109,114,100,39,12
29,NORSE,M,188,185,100,133,141,114,135,123,109,97,67,53,115,25,60,28,34,40,21,11,7.3,3.5,95,25,98,16,97,10,35,57,12,23,4,111,114,27,49,112,24,61,98,31,44,36,92,94,99,79,79,75,69,67,79,117,124,110,42,13
30,NORSE,M,186,183,104,134,138,125,140,125,108,103,69,51,124,25,66,28,27,39,27,13,9.6,3.7,100,21,102,16,103,8,43,57,14,27,3,113,111,26,50,110,26,60,96,32,46,35,98,105,109,85,88,82,78,85,92,115,119,100,40,19
31,NORSE,M,186,184,96,134,145,128,137,126,112,91,72,51,121,25,67,31,35,42,24,12,8.9,3.3,98,26,103,20,100,15,37,52,9,27,3,122,113,25,58,119,28,61,98,33,49,36,90,93,97,78,76,69,65,68,77,119,125,108,41,14
32,NORSE,M,201,198,107,133,147,121,139,132,111,102,70,50,122,27,63,28,30,41,24,12,11.6,3.8,97,23,100,18,103,11,36,59,12,27,5,120,115,24,52,126,29,63,101,34,50,37,103,99,109,92,90,87,79,76,86,123,128,113,40,9
33,NORSE,M,189,186,97,140,152,122,138,131,111,91,69,52,120,24,60,27,34,40,21,10,8.7,3.5,97,20,96,13,98,9,38,57,12,22,2,122,117,27,53,120,26,65,104,34,47,35,90,90,95,79,79,76,70,71,77,124,130,114,39,14
34,NORSE,M,192,187,99,126,144,117,137,128,119,94,69,51,117,26,62,31,32,41,24,12,11.9,4.8,92,23,100,18,102,10,33,53,10,24,4,113,111,26,48,111,21,57,97,34,54,38,96,95,99,81,82,78,71,72,80,115,118,108,40,11
35,NORSE,M,190,186,106,139,147,125,134,126,117,101,69,52,116,26,62,33,36,42,21,13,9.5,5.9,91,23,102,18,100,12,36,51,11,20,4,125,114,27,51,117,22,64,102,29,56,38,96,96,100,83,81,77,71,74,80,124,125,112,45,13
36,NORSE,M,189,187,104,139,143,124,137,127,115,99,70,54,124,26,67,31,35,42,24,13,8.5,4.9,102,25,106,19,106,9,41,59,15,24,5,119,113,21,53,120,32,62,98,27,52,39,94,96,101,80,80,76,71,72,79,120,130,112,42,18
37,NORSE,M,181,180,98,136,138,121,134,125,111,93,66,50,117,26,61,29,34,39,21,12,8.8,4.8,90,25,97,19,96,11,36,54,9,24,2,120,117,28,51,114,23,64,96,28,49,38,92,91,97,80,77,72,66,67,77,123,126,107,40,12
38,NORSE,M,194,192,105,123,145,123,137,129,116,98,75,55,119,24,63,33,35,41,25,12,8.8,3.5,97,22,105,19,103,13,39,57,14,26,4,117,104,24,47,119,26,66,96,30,37,33,96,95,99,84,84,80,72,73,80,109,116,106,42,12
39,NORSE,M,187,185,98,126,139,120,140,118,109,94,75,52,120,26,65,30,35,43,21,13,8,5,95,18,102,23,100,14,37,55,10,23,3,117,117,29,55,113,23,62,90,32,43,35,101,95,102,88,83,77,72,77,80,116,116,100,31,11
40,NORSE,M,187,184,105,128,146,117,137,127,115,103,73,52,119,25,66,30,36,42,18,12,7.1,4.5,87,24,99,18,97,9,45,62,12,21,2,116,114,27,54,101,19,60,95,33,48,37,96,99,105,82,83,78,73,75,87,112,117,106,44,15
41,NORSE,M,192,190,102,131,143,115,133,123,107,97,65,49,112,26,63,28,32,39,24,13,9.9,4.5,93,25,100,22,97,13,37,53,9,23,3,114,113,26,48,120,28,64,100,27,40,38,99,98,102,88,84,79,74,75,81,117,125,112,38,14
42,NORSE,M,179,178,103,131,136,110,135,125,108,98,67,50,115,25,64,22,32,40,21,11,8.5,4,94,26,97,21,95,12,36,57,11,23,3,110,109,24,48,113,28,62,89,24,47,37,96,98,103,85,83,75,72,72,83,113,120,100,40,15
43,NORSE,M,188,184,105,122,134,108,124,115,109,101,67,54,112,27,64,31,30,38,22,12,11.9,6.3,89,25,94,17,94,9,40,58,14,26,5,103,105,21,44,109,23,55,94,28,35,33,94,96,99,82,82,78,74,73,80,109,114,107,42,12
44,NORSE,M,179,178,101,131,139,118,133,121,112,91,66,51,112,24,59,33,35,40,20,13,9.9,5.6,88,22,99,19,98,11,32,50,8,22,3,115,103,22,52,107,21,56,98,31,49,36,90,88,94,78,76,72,66,66,73,112,117,107,43,18
45,NORSE,M,190,189,99,126,150,135,135,127,114,92,71,55,119,27,69,32,36,42,25,14,10.7,5.5,95,22,103,18,104,11,32,52,10,25,1,132,117,31,53,109,21,58,96,37,52,32,96,92,97,82,79,79,70,70,79,114,118,106,35,10
46,NORSE,M,190,189,101,131,143,114,134,124,113,89,70,55,115,25,61,26,38,44,17,12,7.4,3.7,89,20,97,18,100,13,38,55,8,21,3,110,114,24,51,115,27,59,95,29,47,37,92,88,93,79,77,75,64,69,75,112,124,112,42,16
47,NORSE,M,195,193,101,136,151,126,139,130,123,95,70,53,115,30,60,31,35,41,24,13,10.7,4.6,93,25,101,21,100,11,36,52,9,25,2,124,113,26,47,128,31,62,93,30,46,43,94,96,100,80,81,73,69,71,80,119,127,111,46,15
48,NORSE,M,200,198,112,140,145,127,142,127,113,106,74,56,123,28,66,30,35,42,25,12,9.9,3.2,98,26,105,23,103,14,40,58,11,26,3,123,120,31,56,121,23,66,97,34,48,41,106,106,112,93,91,83,79,81,90,123,124,110,43,15
49,NORSE,M,190,190,101,133,138,118,134,127,108,95,70,51,114,24,60,31,38,39,24,13,9.4,4.6,91,24,99,20,98,11,37,50,10,23,1,116,112,25,52,109,20,61,97,37,43,37,92,95,100,80,79,72,67,71,79,112,117,118,42,18
51,NORSE,M,190,189,99,131,137,123,129,122,109,97,70,52,112,25,68,23,36,40,22,11,7.3,2.8,92,27,96,17,96,14,33,53,11,22,2,119,112,26,51,122,31,65,96,34,46,35,93,97,101,83,81,77,71,72,82,116,127,111,38,13
52,NORSE,M,188,187,98,130,146,121,133,126,113,91,69,51,111,26,62,30,36,42,19,11,6.4,3.2,87,25,95,18,96,12,32,51,8,22,2,119,120,28,54,108,20,59,94,31,41,42,96,94,99,84,80,79,69,68,80,117,119,104,41,12
53,NORSE,M,193,189,104,139,145,121,131,122,116,98,70,54,116,30,66,30,34,42,21,13,7,2.6,99,22,96,17,99,12,42,60,12,24,4,121,115,26,51,118,24,56,100,32,49,41,95,99,102,84,85,80,72,78,87,121,126,112,46,18
54,NORSE,M,192,191,102,137,150,124,137,130,113,92,71,54,121,25,66,24,37,43,21,13,12.2,6,96,25,104,23,102,14,36,51,9,21,3,124,117,24,53,118,24,67,102,30,42,37,98,95,99,84,80,77,71,71,79,122,127,114,39,15
55,NORSE,M,189,185,106,137,150,122,139,134,121,96,72,55,121,25,65,30,33,41,19,15,9.1,5.2,88,19,97,14,99,6,39,56,12,23,5,121,118,26,57,114,23,66,98,30,55,38,98,90,95,81,83,85,75,74,76,125,129,110,45,11
